from_object,from_output_column,input_object,parameter
dbo.AddEventToCaseProperties,CaseID,dbo.DeleteCase,@CaseID
dbo.AddEventToCaseProperties,CaseID,dbo.InsertCase,@CaseID
dbo.AddEventToCaseProperties,CaseID,dbo.InsertCaseProperties,@CaseID
dbo.AddEventToCaseProperties,CaseID,dbo.UpdateCaseFromEvents,@CaseID
dbo.AdjacencyMatrix,EventA,dbo.ModelDrillThrough,@EventA
dbo.AdjacencyMatrix,EventA,dbo.SegmentComparison,@EventA
dbo.AdjacencyMatrix,EventA,dbo.sp_ModelDrillThrough,@EventA
dbo.AdjacencyMatrix,EventB,dbo.ModelDrillThrough,@EventB
dbo.AdjacencyMatrix,EventB,dbo.SegmentComparison,@EventB
dbo.AdjacencyMatrix,EventB,dbo.sp_ModelDrillThrough,@EventB
dbo.BayesianProbability2,SessionID,dbo.sp_AdjacencyMatrix,@SessionID
dbo.BayesianRelationships_Full,GroupType,dbo.BayesianProbability,@GroupType
dbo.BayesianRelationships_Full,GroupType,dbo.BayesianProbability2,@GroupType
dbo.BayesianRelationships_Full,GroupType,dbo.ConditionalProbabilityTable,@GroupType
dbo.BayesianRelationships_Full,GroupType,dbo.CreateUpdateBayesianProbabilities,@GroupType
dbo.BayesianRelationships_Full,GroupType,dbo.sp_ConditionalProbabilityTable,@GroupType
dbo.BayesianRelationships_Full,Metric,dbo.AddEventToCaseProperties,@Metric
dbo.BayesianRelationships_Full,Metric,dbo.CreateUpdateMarkovProcess,@metric
dbo.BayesianRelationships_Full,Metric,dbo.DefaultModelParameters,@metric
dbo.BayesianRelationships_Full,Metric,dbo.EntryAndExitPoints,@metric
dbo.BayesianRelationships_Full,Metric,dbo.InsertModel,@metric
dbo.BayesianRelationships_Full,Metric,dbo.MarkovProcess,@metric
dbo.BayesianRelationships_Full,Metric,dbo.MarkovProcess2,@metric
dbo.BayesianRelationships_Full,Metric,dbo.ModelEventKey,@Metric
dbo.BayesianRelationships_Full,Metric,dbo.ModelEventsByProperty,@Metric
dbo.BayesianRelationships_Full,Metric,dbo.ModelID,@Metric
dbo.BayesianRelationships_Full,Metric,dbo.SelectedEvents,@metric
dbo.BayesianRelationships_Full,Metric,dbo.SequenceSegments,@Metric
dbo.BayesianRelationships_Full,Metric,dbo.Sequences,@Metric
dbo.BayesianRelationships_Full,Metric,dbo.sp_SelectedEvents,@metric
dbo.BayesianRelationships_Full,Metric,dbo.sp_SequenceSegments,@Metric
dbo.BayesianRelationships_Full,Metric,dbo.sp_Sequences,@Metric
dbo.BayesianRelationships_Full,MetricID,dbo.InsertModel,@MetricID
dbo.BayesianRelationships_Full,ModelID,dbo.CalculateBayesianForModels,@ModelID
dbo.BayesianRelationships_Full,ModelID,dbo.CaseCharacteristics,@ModelID
dbo.BayesianRelationships_Full,ModelID,dbo.CreateUpdateMarkovProcess,@ModelID
dbo.BayesianRelationships_Full,ModelID,dbo.DeleteModel,@ModelID
dbo.BayesianRelationships_Full,ModelID,dbo.DrillThroughToModelEvents,@ModelID
dbo.BayesianRelationships_Full,ModelID,dbo.GetModelEventString,@ModelID
dbo.BayesianRelationships_Full,ModelID,dbo.GetModelPropertyString,@ModelID
dbo.BayesianRelationships_Full,ModelID,dbo.InsertModel,@ModelID
dbo.BayesianRelationships_Full,ModelID,dbo.MarkovProcess2,@ModelID
dbo.BayesianRelationships_Full,ModelID,dbo.Markov_Model_Confidence_Support,@ModelID
dbo.BayesianRelationships_Full,ModelID,dbo.ModelDrillThrough,@ModelID
dbo.BayesianRelationships_Full,ModelID,dbo.ModelEventAnomalies,@ModelID
dbo.BayesianRelationships_Full,ModelID,dbo.ModelEventsByOrdinalMean,@ModelID
dbo.BayesianRelationships_Full,ModelID,dbo.ModelMatrix,@ModelID
dbo.BayesianRelationships_Full,ModelID,dbo.SeqProb,@ModelID
dbo.BayesianRelationships_Full,ModelID,dbo.SequenceProbability,@ModelID
dbo.BayesianRelationships_Full,ModelID,dbo.sp_CaseCharacteristics,@ModelID
dbo.BayesianRelationships_Full,ModelID,dbo.sp_DrillThroughToModelEvents,@ModelID
dbo.BayesianRelationships_Full,ModelID,dbo.sp_ModelDrillThrough,@ModelID
dbo.CalculateBayesianForModels,CaseID,dbo.DeleteCase,@CaseID
dbo.CalculateBayesianForModels,CaseID,dbo.InsertCase,@CaseID
dbo.CalculateBayesianForModels,CaseID,dbo.InsertCaseProperties,@CaseID
dbo.CalculateBayesianForModels,CaseID,dbo.UpdateCaseFromEvents,@CaseID
dbo.CalculateBayesianForModels,EventSet,dbo.AdjacencyMatrix,@EventSet
dbo.CalculateBayesianForModels,EventSet,dbo.BayesianProbability,@EventSet
dbo.CalculateBayesianForModels,EventSet,dbo.BayesianProbability2,@EventSet
dbo.CalculateBayesianForModels,EventSet,dbo.ConditionalProbabilityTable,@EventSet
dbo.CalculateBayesianForModels,EventSet,dbo.CreateUpdateBayesianProbabilities,@EventSet
dbo.CalculateBayesianForModels,EventSet,dbo.CreateUpdateMarkovProcess,@EventSet
dbo.CalculateBayesianForModels,EventSet,dbo.EntryAndExitPoints,@EventSet
dbo.CalculateBayesianForModels,EventSet,dbo.EventSegments,@EventSet
dbo.CalculateBayesianForModels,EventSet,dbo.EventSetInclusion,@EventSet
dbo.CalculateBayesianForModels,EventSet,dbo.EventSetKey,@EventSet
dbo.CalculateBayesianForModels,EventSet,dbo.InsertModel,@EventSet
dbo.CalculateBayesianForModels,EventSet,dbo.MarkovProcess,@EventSet
dbo.CalculateBayesianForModels,EventSet,dbo.MarkovProcess2,@EventSet
dbo.CalculateBayesianForModels,EventSet,dbo.ModelEventKey,@EventSet
dbo.CalculateBayesianForModels,EventSet,dbo.ModelEventsByProperty,@EventSet
dbo.CalculateBayesianForModels,EventSet,dbo.ModelID,@EventSet
dbo.CalculateBayesianForModels,EventSet,dbo.ParseEventSet,@EventSet
dbo.CalculateBayesianForModels,EventSet,dbo.SelectedEvents,@EventSet
dbo.CalculateBayesianForModels,EventSet,dbo.SequenceSegments,@EventSet
dbo.CalculateBayesianForModels,EventSet,dbo.Sequences,@EventSet
dbo.CalculateBayesianForModels,EventSet,dbo.sp_AdjacencyMatrix,@EventSet
dbo.CalculateBayesianForModels,EventSet,dbo.sp_ConditionalProbabilityTable,@EventSet
dbo.CalculateBayesianForModels,EventSet,dbo.sp_SelectEventsbyProperties,@EventSet
dbo.CalculateBayesianForModels,EventSet,dbo.sp_SelectedEvents,@EventSet
dbo.CalculateBayesianForModels,EventSet,dbo.sp_SequenceSegments,@EventSet
dbo.CalculateBayesianForModels,EventSet,dbo.sp_Sequences,@EventSet
dbo.CaseCharacteristics,CaseID,dbo.DeleteCase,@CaseID
dbo.CaseCharacteristics,CaseID,dbo.InsertCase,@CaseID
dbo.CaseCharacteristics,CaseID,dbo.InsertCaseProperties,@CaseID
dbo.CaseCharacteristics,CaseID,dbo.UpdateCaseFromEvents,@CaseID
dbo.CaseCharacteristics,EventA,dbo.ModelDrillThrough,@EventA
dbo.CaseCharacteristics,EventA,dbo.SegmentComparison,@EventA
dbo.CaseCharacteristics,EventA,dbo.sp_ModelDrillThrough,@EventA
dbo.CaseCharacteristics,EventB,dbo.ModelDrillThrough,@EventB
dbo.CaseCharacteristics,EventB,dbo.SegmentComparison,@EventB
dbo.CaseCharacteristics,EventB,dbo.sp_ModelDrillThrough,@EventB
dbo.CaseCharacteristics,Metric,dbo.AddEventToCaseProperties,@Metric
dbo.CaseCharacteristics,Metric,dbo.CreateUpdateMarkovProcess,@metric
dbo.CaseCharacteristics,Metric,dbo.DefaultModelParameters,@metric
dbo.CaseCharacteristics,Metric,dbo.EntryAndExitPoints,@metric
dbo.CaseCharacteristics,Metric,dbo.InsertModel,@metric
dbo.CaseCharacteristics,Metric,dbo.MarkovProcess,@metric
dbo.CaseCharacteristics,Metric,dbo.MarkovProcess2,@metric
dbo.CaseCharacteristics,Metric,dbo.ModelEventKey,@Metric
dbo.CaseCharacteristics,Metric,dbo.ModelEventsByProperty,@Metric
dbo.CaseCharacteristics,Metric,dbo.ModelID,@Metric
dbo.CaseCharacteristics,Metric,dbo.SelectedEvents,@metric
dbo.CaseCharacteristics,Metric,dbo.SequenceSegments,@Metric
dbo.CaseCharacteristics,Metric,dbo.Sequences,@Metric
dbo.CaseCharacteristics,Metric,dbo.sp_SelectedEvents,@metric
dbo.CaseCharacteristics,Metric,dbo.sp_SequenceSegments,@Metric
dbo.CaseCharacteristics,Metric,dbo.sp_Sequences,@Metric
dbo.CaseCharacteristics,ModelID,dbo.CalculateBayesianForModels,@ModelID
dbo.CaseCharacteristics,ModelID,dbo.CreateUpdateMarkovProcess,@ModelID
dbo.CaseCharacteristics,ModelID,dbo.DeleteModel,@ModelID
dbo.CaseCharacteristics,ModelID,dbo.DrillThroughToModelEvents,@ModelID
dbo.CaseCharacteristics,ModelID,dbo.GetModelEventString,@ModelID
dbo.CaseCharacteristics,ModelID,dbo.GetModelPropertyString,@ModelID
dbo.CaseCharacteristics,ModelID,dbo.InsertModel,@ModelID
dbo.CaseCharacteristics,ModelID,dbo.MarkovProcess2,@ModelID
dbo.CaseCharacteristics,ModelID,dbo.Markov_Model_Confidence_Support,@ModelID
dbo.CaseCharacteristics,ModelID,dbo.ModelDrillThrough,@ModelID
dbo.CaseCharacteristics,ModelID,dbo.ModelEventAnomalies,@ModelID
dbo.CaseCharacteristics,ModelID,dbo.ModelEventsByOrdinalMean,@ModelID
dbo.CaseCharacteristics,ModelID,dbo.ModelMatrix,@ModelID
dbo.CaseCharacteristics,ModelID,dbo.SeqProb,@ModelID
dbo.CaseCharacteristics,ModelID,dbo.SequenceProbability,@ModelID
dbo.CaseCharacteristics,ModelID,dbo.sp_CaseCharacteristics,@ModelID
dbo.CaseCharacteristics,ModelID,dbo.sp_DrillThroughToModelEvents,@ModelID
dbo.CaseCharacteristics,ModelID,dbo.sp_ModelDrillThrough,@ModelID
dbo.CaseTypeListForEventSets,EventSetKey,dbo.InsertModel,@eventsetkey
dbo.CasesWithProperties,CaseID,dbo.DeleteCase,@CaseID
dbo.CasesWithProperties,CaseID,dbo.InsertCase,@CaseID
dbo.CasesWithProperties,CaseID,dbo.InsertCaseProperties,@CaseID
dbo.CasesWithProperties,CaseID,dbo.UpdateCaseFromEvents,@CaseID
dbo.CasesWithProperties,SourceID,dbo.InsertCase,@SourceID
dbo.CasesWithProperties,SourceID,dbo.InsertSource,@SourceID
dbo.CasesWithProperties,SourceID,dbo.InsertSourceColumn,@SourceID
dbo.ConditionalProbabilityTable,CaseID,dbo.DeleteCase,@CaseID
dbo.ConditionalProbabilityTable,CaseID,dbo.InsertCase,@CaseID
dbo.ConditionalProbabilityTable,CaseID,dbo.InsertCaseProperties,@CaseID
dbo.ConditionalProbabilityTable,CaseID,dbo.UpdateCaseFromEvents,@CaseID
dbo.ConditionalProbabilityTable,GroupType,dbo.BayesianProbability,@GroupType
dbo.ConditionalProbabilityTable,GroupType,dbo.BayesianProbability2,@GroupType
dbo.ConditionalProbabilityTable,GroupType,dbo.CreateUpdateBayesianProbabilities,@GroupType
dbo.ConditionalProbabilityTable,GroupType,dbo.sp_ConditionalProbabilityTable,@GroupType
dbo.CreateUpdateBayesianProbabilities,GroupType,dbo.BayesianProbability,@GroupType
dbo.CreateUpdateBayesianProbabilities,GroupType,dbo.BayesianProbability2,@GroupType
dbo.CreateUpdateBayesianProbabilities,GroupType,dbo.ConditionalProbabilityTable,@GroupType
dbo.CreateUpdateBayesianProbabilities,GroupType,dbo.sp_ConditionalProbabilityTable,@GroupType
dbo.CreateUpdateBayesianProbabilities,ModelID,dbo.CalculateBayesianForModels,@ModelID
dbo.CreateUpdateBayesianProbabilities,ModelID,dbo.CaseCharacteristics,@ModelID
dbo.CreateUpdateBayesianProbabilities,ModelID,dbo.CreateUpdateMarkovProcess,@ModelID
dbo.CreateUpdateBayesianProbabilities,ModelID,dbo.DeleteModel,@ModelID
dbo.CreateUpdateBayesianProbabilities,ModelID,dbo.DrillThroughToModelEvents,@ModelID
dbo.CreateUpdateBayesianProbabilities,ModelID,dbo.GetModelEventString,@ModelID
dbo.CreateUpdateBayesianProbabilities,ModelID,dbo.GetModelPropertyString,@ModelID
dbo.CreateUpdateBayesianProbabilities,ModelID,dbo.InsertModel,@ModelID
dbo.CreateUpdateBayesianProbabilities,ModelID,dbo.MarkovProcess2,@ModelID
dbo.CreateUpdateBayesianProbabilities,ModelID,dbo.Markov_Model_Confidence_Support,@ModelID
dbo.CreateUpdateBayesianProbabilities,ModelID,dbo.ModelDrillThrough,@ModelID
dbo.CreateUpdateBayesianProbabilities,ModelID,dbo.ModelEventAnomalies,@ModelID
dbo.CreateUpdateBayesianProbabilities,ModelID,dbo.ModelEventsByOrdinalMean,@ModelID
dbo.CreateUpdateBayesianProbabilities,ModelID,dbo.ModelMatrix,@ModelID
dbo.CreateUpdateBayesianProbabilities,ModelID,dbo.SeqProb,@ModelID
dbo.CreateUpdateBayesianProbabilities,ModelID,dbo.SequenceProbability,@ModelID
dbo.CreateUpdateBayesianProbabilities,ModelID,dbo.sp_CaseCharacteristics,@ModelID
dbo.CreateUpdateBayesianProbabilities,ModelID,dbo.sp_DrillThroughToModelEvents,@ModelID
dbo.CreateUpdateBayesianProbabilities,ModelID,dbo.sp_ModelDrillThrough,@ModelID
dbo.CreateUpdateMarkovProcess,DistinctCases,dbo.MarkovProcess2,@DistinctCases
dbo.CreateUpdateMarkovProcess,EventA,dbo.ModelDrillThrough,@EventA
dbo.CreateUpdateMarkovProcess,EventA,dbo.SegmentComparison,@EventA
dbo.CreateUpdateMarkovProcess,EventA,dbo.sp_ModelDrillThrough,@EventA
dbo.CreateUpdateMarkovProcess,EventB,dbo.ModelDrillThrough,@EventB
dbo.CreateUpdateMarkovProcess,EventB,dbo.SegmentComparison,@EventB
dbo.CreateUpdateMarkovProcess,EventB,dbo.sp_ModelDrillThrough,@EventB
dbo.CreateUpdateMarkovProcess,ModelID,dbo.CalculateBayesianForModels,@ModelID
dbo.CreateUpdateMarkovProcess,ModelID,dbo.CaseCharacteristics,@ModelID
dbo.CreateUpdateMarkovProcess,ModelID,dbo.DeleteModel,@ModelID
dbo.CreateUpdateMarkovProcess,ModelID,dbo.DrillThroughToModelEvents,@ModelID
dbo.CreateUpdateMarkovProcess,ModelID,dbo.GetModelEventString,@ModelID
dbo.CreateUpdateMarkovProcess,ModelID,dbo.GetModelPropertyString,@ModelID
dbo.CreateUpdateMarkovProcess,ModelID,dbo.InsertModel,@ModelID
dbo.CreateUpdateMarkovProcess,ModelID,dbo.MarkovProcess2,@ModelID
dbo.CreateUpdateMarkovProcess,ModelID,dbo.Markov_Model_Confidence_Support,@ModelID
dbo.CreateUpdateMarkovProcess,ModelID,dbo.ModelDrillThrough,@ModelID
dbo.CreateUpdateMarkovProcess,ModelID,dbo.ModelEventAnomalies,@ModelID
dbo.CreateUpdateMarkovProcess,ModelID,dbo.ModelEventsByOrdinalMean,@ModelID
dbo.CreateUpdateMarkovProcess,ModelID,dbo.ModelMatrix,@ModelID
dbo.CreateUpdateMarkovProcess,ModelID,dbo.SeqProb,@ModelID
dbo.CreateUpdateMarkovProcess,ModelID,dbo.SequenceProbability,@ModelID
dbo.CreateUpdateMarkovProcess,ModelID,dbo.sp_CaseCharacteristics,@ModelID
dbo.CreateUpdateMarkovProcess,ModelID,dbo.sp_DrillThroughToModelEvents,@ModelID
dbo.CreateUpdateMarkovProcess,ModelID,dbo.sp_ModelDrillThrough,@ModelID
dbo.DefaultModelParameters,@EndDateTime,dbo.BayesianProbability,@EndDateTime
dbo.DefaultModelParameters,@EndDateTime,dbo.BayesianProbability2,@EndDateTime
dbo.DefaultModelParameters,@EndDateTime,dbo.ConditionalProbabilityTable,@EndDateTime
dbo.DefaultModelParameters,@EndDateTime,dbo.CreateUpdateBayesianProbabilities,@EndDateTime
dbo.DefaultModelParameters,@EndDateTime,dbo.CreateUpdateMarkovProcess,@EndDateTime
dbo.DefaultModelParameters,@EndDateTime,dbo.EntryAndExitPoints,@EndDateTime
dbo.DefaultModelParameters,@EndDateTime,dbo.InsertCase,@EndDateTime
dbo.DefaultModelParameters,@EndDateTime,dbo.InsertModel,@EndDateTime
dbo.DefaultModelParameters,@EndDateTime,dbo.MarkovProcess,@EndDateTime
dbo.DefaultModelParameters,@EndDateTime,dbo.MarkovProcess2,@EndDateTime
dbo.DefaultModelParameters,@EndDateTime,dbo.ModelEventKey,@EndDateTime
dbo.DefaultModelParameters,@EndDateTime,dbo.ModelEventsByProperty,@EndDateTime
dbo.DefaultModelParameters,@EndDateTime,dbo.ModelID,@EndDateTime
dbo.DefaultModelParameters,@EndDateTime,dbo.SelectedEvents,@EndDateTime
dbo.DefaultModelParameters,@EndDateTime,dbo.SequenceSegments,@EndDateTime
dbo.DefaultModelParameters,@EndDateTime,dbo.Sequences,@EndDateTime
dbo.DefaultModelParameters,@EndDateTime,dbo.sp_CompareEventProximities,@EndDateTime
dbo.DefaultModelParameters,@EndDateTime,dbo.sp_ConditionalProbabilityTable,@EndDateTime
dbo.DefaultModelParameters,@EndDateTime,dbo.sp_SelectEventsbyProperties,@EndDateTime
dbo.DefaultModelParameters,@EndDateTime,dbo.sp_SelectedEvents,@EndDateTime
dbo.DefaultModelParameters,@EndDateTime,dbo.sp_SequenceSegments,@EndDateTime
dbo.DefaultModelParameters,@EndDateTime,dbo.sp_Sequences,@EndDateTime
dbo.DefaultModelParameters,@Order,dbo.InsertModel,@order
dbo.DefaultModelParameters,@Order,dbo.MarkovProcess,@Order
dbo.DefaultModelParameters,@Order,dbo.MarkovProcess2,@Order
dbo.DefaultModelParameters,@StartDateTime,dbo.BayesianProbability,@StartDateTime
dbo.DefaultModelParameters,@StartDateTime,dbo.BayesianProbability2,@StartDateTime
dbo.DefaultModelParameters,@StartDateTime,dbo.ConditionalProbabilityTable,@StartDateTime
dbo.DefaultModelParameters,@StartDateTime,dbo.CreateUpdateBayesianProbabilities,@StartDateTime
dbo.DefaultModelParameters,@StartDateTime,dbo.CreateUpdateMarkovProcess,@StartDateTime
dbo.DefaultModelParameters,@StartDateTime,dbo.EntryAndExitPoints,@StartDateTime
dbo.DefaultModelParameters,@StartDateTime,dbo.InsertCase,@StartDateTime
dbo.DefaultModelParameters,@StartDateTime,dbo.InsertModel,@StartDateTime
dbo.DefaultModelParameters,@StartDateTime,dbo.MarkovProcess,@StartDateTime
dbo.DefaultModelParameters,@StartDateTime,dbo.MarkovProcess2,@StartDateTime
dbo.DefaultModelParameters,@StartDateTime,dbo.ModelEventKey,@StartDateTime
dbo.DefaultModelParameters,@StartDateTime,dbo.ModelEventsByProperty,@StartDateTime
dbo.DefaultModelParameters,@StartDateTime,dbo.ModelID,@StartDateTime
dbo.DefaultModelParameters,@StartDateTime,dbo.SelectedEvents,@StartDateTime
dbo.DefaultModelParameters,@StartDateTime,dbo.SequenceSegments,@StartDateTime
dbo.DefaultModelParameters,@StartDateTime,dbo.Sequences,@StartDateTime
dbo.DefaultModelParameters,@StartDateTime,dbo.sp_CompareEventProximities,@StartDateTime
dbo.DefaultModelParameters,@StartDateTime,dbo.sp_ConditionalProbabilityTable,@StartDateTime
dbo.DefaultModelParameters,@StartDateTime,dbo.sp_SelectEventsbyProperties,@StartDateTime
dbo.DefaultModelParameters,@StartDateTime,dbo.sp_SelectedEvents,@StartDateTime
dbo.DefaultModelParameters,@StartDateTime,dbo.sp_SequenceSegments,@StartDateTime
dbo.DefaultModelParameters,@StartDateTime,dbo.sp_Sequences,@StartDateTime
dbo.DefaultModelParameters,@enumerate_multiple_events,dbo.AdjacencyMatrix,@enumerate_multiple_events
dbo.DefaultModelParameters,@enumerate_multiple_events,dbo.CreateUpdateMarkovProcess,@enumerate_multiple_events
dbo.DefaultModelParameters,@enumerate_multiple_events,dbo.EntryAndExitPoints,@enumerate_multiple_events
dbo.DefaultModelParameters,@enumerate_multiple_events,dbo.InsertModel,@enumerate_multiple_events
dbo.DefaultModelParameters,@enumerate_multiple_events,dbo.MarkovProcess,@enumerate_multiple_events
dbo.DefaultModelParameters,@enumerate_multiple_events,dbo.MarkovProcess2,@enumerate_multiple_events
dbo.DefaultModelParameters,@enumerate_multiple_events,dbo.ModelEventKey,@enumerate_multiple_events
dbo.DefaultModelParameters,@enumerate_multiple_events,dbo.ModelEventsByProperty,@enumerate_multiple_events
dbo.DefaultModelParameters,@enumerate_multiple_events,dbo.ModelID,@enumerate_multiple_events
dbo.DefaultModelParameters,@enumerate_multiple_events,dbo.SelectedEvents,@enumerate_multiple_events
dbo.DefaultModelParameters,@enumerate_multiple_events,dbo.SequenceSegments,@enumerate_multiple_events
dbo.DefaultModelParameters,@enumerate_multiple_events,dbo.Sequences,@enumerate_multiple_events
dbo.DefaultModelParameters,@enumerate_multiple_events,dbo.sp_AdjacencyMatrix,@enumerate_multiple_events
dbo.DefaultModelParameters,@enumerate_multiple_events,dbo.sp_SelectedEvents,@enumerate_multiple_events
dbo.DefaultModelParameters,@enumerate_multiple_events,dbo.sp_SequenceSegments,@enumerate_multiple_events
dbo.DefaultModelParameters,@enumerate_multiple_events,dbo.sp_Sequences,@enumerate_multiple_events
dbo.DefaultModelParameters,@metric,dbo.AddEventToCaseProperties,@Metric
dbo.DefaultModelParameters,@metric,dbo.CreateUpdateMarkovProcess,@metric
dbo.DefaultModelParameters,@metric,dbo.EntryAndExitPoints,@metric
dbo.DefaultModelParameters,@metric,dbo.InsertModel,@metric
dbo.DefaultModelParameters,@metric,dbo.MarkovProcess,@metric
dbo.DefaultModelParameters,@metric,dbo.MarkovProcess2,@metric
dbo.DefaultModelParameters,@metric,dbo.ModelEventKey,@Metric
dbo.DefaultModelParameters,@metric,dbo.ModelEventsByProperty,@Metric
dbo.DefaultModelParameters,@metric,dbo.ModelID,@Metric
dbo.DefaultModelParameters,@metric,dbo.SelectedEvents,@metric
dbo.DefaultModelParameters,@metric,dbo.SequenceSegments,@Metric
dbo.DefaultModelParameters,@metric,dbo.Sequences,@Metric
dbo.DefaultModelParameters,@metric,dbo.sp_SelectedEvents,@metric
dbo.DefaultModelParameters,@metric,dbo.sp_SequenceSegments,@Metric
dbo.DefaultModelParameters,@metric,dbo.sp_Sequences,@Metric
dbo.DrillThroughToModelEvents,CaseID,dbo.DeleteCase,@CaseID
dbo.DrillThroughToModelEvents,CaseID,dbo.InsertCase,@CaseID
dbo.DrillThroughToModelEvents,CaseID,dbo.InsertCaseProperties,@CaseID
dbo.DrillThroughToModelEvents,CaseID,dbo.UpdateCaseFromEvents,@CaseID
dbo.EntryAndExitPoints,EventA,dbo.ModelDrillThrough,@EventA
dbo.EntryAndExitPoints,EventA,dbo.SegmentComparison,@EventA
dbo.EntryAndExitPoints,EventA,dbo.sp_ModelDrillThrough,@EventA
dbo.EntryAndExitPoints,EventB,dbo.ModelDrillThrough,@EventB
dbo.EntryAndExitPoints,EventB,dbo.SegmentComparison,@EventB
dbo.EntryAndExitPoints,EventB,dbo.sp_ModelDrillThrough,@EventB
dbo.EventPropertiesSource,CaseID,dbo.DeleteCase,@CaseID
dbo.EventPropertiesSource,CaseID,dbo.InsertCase,@CaseID
dbo.EventPropertiesSource,CaseID,dbo.InsertCaseProperties,@CaseID
dbo.EventPropertiesSource,CaseID,dbo.UpdateCaseFromEvents,@CaseID
dbo.EventPropertiesSource,PropertyName,dbo.AddEventToCaseProperties,@PropertyName
dbo.EventPropertiesSource,PropertyName,dbo.utility_LogProcError,@PropertyName
dbo.EventSegments,CaseID,dbo.DeleteCase,@CaseID
dbo.EventSegments,CaseID,dbo.InsertCase,@CaseID
dbo.EventSegments,CaseID,dbo.InsertCaseProperties,@CaseID
dbo.EventSegments,CaseID,dbo.UpdateCaseFromEvents,@CaseID
dbo.EventSetByCode,IsSequence,dbo.EventSetKey,@IsSequence
dbo.EventSetByCode,IsSequence,dbo.ParseEventSet,@IsSequence
dbo.EventSetInclusion,EventSet,dbo.AdjacencyMatrix,@EventSet
dbo.EventSetInclusion,EventSet,dbo.BayesianProbability,@EventSet
dbo.EventSetInclusion,EventSet,dbo.BayesianProbability2,@EventSet
dbo.EventSetInclusion,EventSet,dbo.ConditionalProbabilityTable,@EventSet
dbo.EventSetInclusion,EventSet,dbo.CreateUpdateBayesianProbabilities,@EventSet
dbo.EventSetInclusion,EventSet,dbo.CreateUpdateMarkovProcess,@EventSet
dbo.EventSetInclusion,EventSet,dbo.EntryAndExitPoints,@EventSet
dbo.EventSetInclusion,EventSet,dbo.EventSegments,@EventSet
dbo.EventSetInclusion,EventSet,dbo.EventSetKey,@EventSet
dbo.EventSetInclusion,EventSet,dbo.InsertModel,@EventSet
dbo.EventSetInclusion,EventSet,dbo.MarkovProcess,@EventSet
dbo.EventSetInclusion,EventSet,dbo.MarkovProcess2,@EventSet
dbo.EventSetInclusion,EventSet,dbo.ModelEventKey,@EventSet
dbo.EventSetInclusion,EventSet,dbo.ModelEventsByProperty,@EventSet
dbo.EventSetInclusion,EventSet,dbo.ModelID,@EventSet
dbo.EventSetInclusion,EventSet,dbo.ParseEventSet,@EventSet
dbo.EventSetInclusion,EventSet,dbo.SelectedEvents,@EventSet
dbo.EventSetInclusion,EventSet,dbo.SequenceSegments,@EventSet
dbo.EventSetInclusion,EventSet,dbo.Sequences,@EventSet
dbo.EventSetInclusion,EventSet,dbo.sp_AdjacencyMatrix,@EventSet
dbo.EventSetInclusion,EventSet,dbo.sp_ConditionalProbabilityTable,@EventSet
dbo.EventSetInclusion,EventSet,dbo.sp_SelectEventsbyProperties,@EventSet
dbo.EventSetInclusion,EventSet,dbo.sp_SelectedEvents,@EventSet
dbo.EventSetInclusion,EventSet,dbo.sp_SequenceSegments,@EventSet
dbo.EventSetInclusion,EventSet,dbo.sp_Sequences,@EventSet
dbo.EventSetInclusion,EventSetCode,dbo.EventSetByCode,@EventSetCode
dbo.EventSetInclusion,EventSetKey,dbo.InsertModel,@eventsetkey
dbo.EventSetInclusion,IsSequence,dbo.EventSetByCode,@IsSequence
dbo.EventSetInclusion,IsSequence,dbo.EventSetKey,@IsSequence
dbo.EventSetInclusion,IsSequence,dbo.ParseEventSet,@IsSequence
dbo.EventSetKey,Sequence,dbo.SequenceProbability,@Sequence
dbo.GetModelEventString,EventA,dbo.ModelDrillThrough,@EventA
dbo.GetModelEventString,EventA,dbo.SegmentComparison,@EventA
dbo.GetModelEventString,EventA,dbo.sp_ModelDrillThrough,@EventA
dbo.GetModelEventString,EventB,dbo.ModelDrillThrough,@EventB
dbo.GetModelEventString,EventB,dbo.SegmentComparison,@EventB
dbo.GetModelEventString,EventB,dbo.sp_ModelDrillThrough,@EventB
dbo.GetModelPropertyString,PropertyName,dbo.AddEventToCaseProperties,@PropertyName
dbo.GetModelPropertyString,PropertyName,dbo.utility_LogProcError,@PropertyName
dbo.HiddenMarkovModels,EventA,dbo.ModelDrillThrough,@EventA
dbo.HiddenMarkovModels,EventA,dbo.SegmentComparison,@EventA
dbo.HiddenMarkovModels,EventA,dbo.sp_ModelDrillThrough,@EventA
dbo.HiddenMarkovModels,EventB,dbo.ModelDrillThrough,@EventB
dbo.HiddenMarkovModels,EventB,dbo.SegmentComparison,@EventB
dbo.HiddenMarkovModels,EventB,dbo.sp_ModelDrillThrough,@EventB
dbo.HiddenMarkovModels,ModelID,dbo.CalculateBayesianForModels,@ModelID
dbo.HiddenMarkovModels,ModelID,dbo.CaseCharacteristics,@ModelID
dbo.HiddenMarkovModels,ModelID,dbo.CreateUpdateMarkovProcess,@ModelID
dbo.HiddenMarkovModels,ModelID,dbo.DeleteModel,@ModelID
dbo.HiddenMarkovModels,ModelID,dbo.DrillThroughToModelEvents,@ModelID
dbo.HiddenMarkovModels,ModelID,dbo.GetModelEventString,@ModelID
dbo.HiddenMarkovModels,ModelID,dbo.GetModelPropertyString,@ModelID
dbo.HiddenMarkovModels,ModelID,dbo.InsertModel,@ModelID
dbo.HiddenMarkovModels,ModelID,dbo.MarkovProcess2,@ModelID
dbo.HiddenMarkovModels,ModelID,dbo.Markov_Model_Confidence_Support,@ModelID
dbo.HiddenMarkovModels,ModelID,dbo.ModelDrillThrough,@ModelID
dbo.HiddenMarkovModels,ModelID,dbo.ModelEventAnomalies,@ModelID
dbo.HiddenMarkovModels,ModelID,dbo.ModelEventsByOrdinalMean,@ModelID
dbo.HiddenMarkovModels,ModelID,dbo.ModelMatrix,@ModelID
dbo.HiddenMarkovModels,ModelID,dbo.SeqProb,@ModelID
dbo.HiddenMarkovModels,ModelID,dbo.SequenceProbability,@ModelID
dbo.HiddenMarkovModels,ModelID,dbo.sp_CaseCharacteristics,@ModelID
dbo.HiddenMarkovModels,ModelID,dbo.sp_DrillThroughToModelEvents,@ModelID
dbo.HiddenMarkovModels,ModelID,dbo.sp_ModelDrillThrough,@ModelID
dbo.HiddenMarkovModels,ModelType,dbo.InsertModel,@ModelType
dbo.HiddenMarkovModels,ModelType,dbo.ModelEventsByProperty,@ModelType
dbo.HiddenMarkovModels,ModelType,dbo.ModelID,@ModelType
dbo.HiddenMarkovModels,transforms,dbo.AdjacencyMatrix,@transforms
dbo.HiddenMarkovModels,transforms,dbo.BayesianProbability,@transforms
dbo.HiddenMarkovModels,transforms,dbo.BayesianProbability2,@transforms
dbo.HiddenMarkovModels,transforms,dbo.ConditionalProbabilityTable,@transforms
dbo.HiddenMarkovModels,transforms,dbo.CreateUpdateBayesianProbabilities,@transforms
dbo.HiddenMarkovModels,transforms,dbo.CreateUpdateMarkovProcess,@transforms
dbo.HiddenMarkovModels,transforms,dbo.EntryAndExitPoints,@transforms
dbo.HiddenMarkovModels,transforms,dbo.InsertModel,@transforms
dbo.HiddenMarkovModels,transforms,dbo.InsertTransforms,@Transforms
dbo.HiddenMarkovModels,transforms,dbo.MarkovProcess,@transforms
dbo.HiddenMarkovModels,transforms,dbo.MarkovProcess2,@transforms
dbo.HiddenMarkovModels,transforms,dbo.ModelEventKey,@transforms
dbo.HiddenMarkovModels,transforms,dbo.ModelEventsByProperty,@transforms
dbo.HiddenMarkovModels,transforms,dbo.ModelID,@transforms
dbo.HiddenMarkovModels,transforms,dbo.ParseTransforms,@transforms
dbo.HiddenMarkovModels,transforms,dbo.SelectedEvents,@transforms
dbo.HiddenMarkovModels,transforms,dbo.SequenceSegments,@transforms
dbo.HiddenMarkovModels,transforms,dbo.Sequences,@transforms
dbo.HiddenMarkovModels,transforms,dbo.TransformsKey,@Transforms
dbo.HiddenMarkovModels,transforms,dbo.UpdateTransform,@Transforms
dbo.HiddenMarkovModels,transforms,dbo.sp_AdjacencyMatrix,@transforms
dbo.HiddenMarkovModels,transforms,dbo.sp_ConditionalProbabilityTable,@transforms
dbo.HiddenMarkovModels,transforms,dbo.sp_SelectedEvents,@transforms
dbo.HiddenMarkovModels,transforms,dbo.sp_SequenceSegments,@transforms
dbo.HiddenMarkovModels,transforms,dbo.sp_Sequences,@transforms
dbo.InsertCase,CaseID,dbo.DeleteCase,@CaseID
dbo.InsertCase,CaseID,dbo.InsertCaseProperties,@CaseID
dbo.InsertCase,CaseID,dbo.UpdateCaseFromEvents,@CaseID
dbo.InsertCaseProperties,CaseID,dbo.DeleteCase,@CaseID
dbo.InsertCaseProperties,CaseID,dbo.InsertCase,@CaseID
dbo.InsertCaseProperties,CaseID,dbo.UpdateCaseFromEvents,@CaseID
dbo.InsertCaseProperties,EndDateTime,dbo.BayesianProbability,@EndDateTime
dbo.InsertCaseProperties,EndDateTime,dbo.BayesianProbability2,@EndDateTime
dbo.InsertCaseProperties,EndDateTime,dbo.ConditionalProbabilityTable,@EndDateTime
dbo.InsertCaseProperties,EndDateTime,dbo.CreateUpdateBayesianProbabilities,@EndDateTime
dbo.InsertCaseProperties,EndDateTime,dbo.CreateUpdateMarkovProcess,@EndDateTime
dbo.InsertCaseProperties,EndDateTime,dbo.DefaultModelParameters,@EndDateTime
dbo.InsertCaseProperties,EndDateTime,dbo.EntryAndExitPoints,@EndDateTime
dbo.InsertCaseProperties,EndDateTime,dbo.InsertCase,@EndDateTime
dbo.InsertCaseProperties,EndDateTime,dbo.InsertModel,@EndDateTime
dbo.InsertCaseProperties,EndDateTime,dbo.MarkovProcess,@EndDateTime
dbo.InsertCaseProperties,EndDateTime,dbo.MarkovProcess2,@EndDateTime
dbo.InsertCaseProperties,EndDateTime,dbo.ModelEventKey,@EndDateTime
dbo.InsertCaseProperties,EndDateTime,dbo.ModelEventsByProperty,@EndDateTime
dbo.InsertCaseProperties,EndDateTime,dbo.ModelID,@EndDateTime
dbo.InsertCaseProperties,EndDateTime,dbo.SelectedEvents,@EndDateTime
dbo.InsertCaseProperties,EndDateTime,dbo.SequenceSegments,@EndDateTime
dbo.InsertCaseProperties,EndDateTime,dbo.Sequences,@EndDateTime
dbo.InsertCaseProperties,EndDateTime,dbo.sp_CompareEventProximities,@EndDateTime
dbo.InsertCaseProperties,EndDateTime,dbo.sp_ConditionalProbabilityTable,@EndDateTime
dbo.InsertCaseProperties,EndDateTime,dbo.sp_SelectEventsbyProperties,@EndDateTime
dbo.InsertCaseProperties,EndDateTime,dbo.sp_SelectedEvents,@EndDateTime
dbo.InsertCaseProperties,EndDateTime,dbo.sp_SequenceSegments,@EndDateTime
dbo.InsertCaseProperties,EndDateTime,dbo.sp_Sequences,@EndDateTime
dbo.InsertCaseProperties,Properties,dbo.InsertEvent,@Properties
dbo.InsertCaseProperties,PropertyName,dbo.AddEventToCaseProperties,@PropertyName
dbo.InsertCaseProperties,PropertyName,dbo.utility_LogProcError,@PropertyName
dbo.InsertCaseProperties,SourceColumnID,dbo.InsertSourceColumn,@SourceColumnID
dbo.InsertCaseProperties,SourceID,dbo.InsertCase,@SourceID
dbo.InsertCaseProperties,SourceID,dbo.InsertSource,@SourceID
dbo.InsertCaseProperties,SourceID,dbo.InsertSourceColumn,@SourceID
dbo.InsertCaseProperties,StartDateTime,dbo.BayesianProbability,@StartDateTime
dbo.InsertCaseProperties,StartDateTime,dbo.BayesianProbability2,@StartDateTime
dbo.InsertCaseProperties,StartDateTime,dbo.ConditionalProbabilityTable,@StartDateTime
dbo.InsertCaseProperties,StartDateTime,dbo.CreateUpdateBayesianProbabilities,@StartDateTime
dbo.InsertCaseProperties,StartDateTime,dbo.CreateUpdateMarkovProcess,@StartDateTime
dbo.InsertCaseProperties,StartDateTime,dbo.DefaultModelParameters,@StartDateTime
dbo.InsertCaseProperties,StartDateTime,dbo.EntryAndExitPoints,@StartDateTime
dbo.InsertCaseProperties,StartDateTime,dbo.InsertCase,@StartDateTime
dbo.InsertCaseProperties,StartDateTime,dbo.InsertModel,@StartDateTime
dbo.InsertCaseProperties,StartDateTime,dbo.MarkovProcess,@StartDateTime
dbo.InsertCaseProperties,StartDateTime,dbo.MarkovProcess2,@StartDateTime
dbo.InsertCaseProperties,StartDateTime,dbo.ModelEventKey,@StartDateTime
dbo.InsertCaseProperties,StartDateTime,dbo.ModelEventsByProperty,@StartDateTime
dbo.InsertCaseProperties,StartDateTime,dbo.ModelID,@StartDateTime
dbo.InsertCaseProperties,StartDateTime,dbo.SelectedEvents,@StartDateTime
dbo.InsertCaseProperties,StartDateTime,dbo.SequenceSegments,@StartDateTime
dbo.InsertCaseProperties,StartDateTime,dbo.Sequences,@StartDateTime
dbo.InsertCaseProperties,StartDateTime,dbo.sp_CompareEventProximities,@StartDateTime
dbo.InsertCaseProperties,StartDateTime,dbo.sp_ConditionalProbabilityTable,@StartDateTime
dbo.InsertCaseProperties,StartDateTime,dbo.sp_SelectEventsbyProperties,@StartDateTime
dbo.InsertCaseProperties,StartDateTime,dbo.sp_SelectedEvents,@StartDateTime
dbo.InsertCaseProperties,StartDateTime,dbo.sp_SequenceSegments,@StartDateTime
dbo.InsertCaseProperties,StartDateTime,dbo.sp_Sequences,@StartDateTime
dbo.InsertModel,@ModelID,dbo.CalculateBayesianForModels,@ModelID
dbo.InsertModel,@ModelID,dbo.CaseCharacteristics,@ModelID
dbo.InsertModel,@ModelID,dbo.CreateUpdateMarkovProcess,@ModelID
dbo.InsertModel,@ModelID,dbo.DeleteModel,@ModelID
dbo.InsertModel,@ModelID,dbo.DrillThroughToModelEvents,@ModelID
dbo.InsertModel,@ModelID,dbo.GetModelEventString,@ModelID
dbo.InsertModel,@ModelID,dbo.GetModelPropertyString,@ModelID
dbo.InsertModel,@ModelID,dbo.MarkovProcess2,@ModelID
dbo.InsertModel,@ModelID,dbo.Markov_Model_Confidence_Support,@ModelID
dbo.InsertModel,@ModelID,dbo.ModelDrillThrough,@ModelID
dbo.InsertModel,@ModelID,dbo.ModelEventAnomalies,@ModelID
dbo.InsertModel,@ModelID,dbo.ModelEventsByOrdinalMean,@ModelID
dbo.InsertModel,@ModelID,dbo.ModelMatrix,@ModelID
dbo.InsertModel,@ModelID,dbo.SeqProb,@ModelID
dbo.InsertModel,@ModelID,dbo.SequenceProbability,@ModelID
dbo.InsertModel,@ModelID,dbo.sp_CaseCharacteristics,@ModelID
dbo.InsertModel,@ModelID,dbo.sp_DrillThroughToModelEvents,@ModelID
dbo.InsertModel,@ModelID,dbo.sp_ModelDrillThrough,@ModelID
dbo.InsertModel,transforms,dbo.AdjacencyMatrix,@transforms
dbo.InsertModel,transforms,dbo.BayesianProbability,@transforms
dbo.InsertModel,transforms,dbo.BayesianProbability2,@transforms
dbo.InsertModel,transforms,dbo.ConditionalProbabilityTable,@transforms
dbo.InsertModel,transforms,dbo.CreateUpdateBayesianProbabilities,@transforms
dbo.InsertModel,transforms,dbo.CreateUpdateMarkovProcess,@transforms
dbo.InsertModel,transforms,dbo.EntryAndExitPoints,@transforms
dbo.InsertModel,transforms,dbo.InsertTransforms,@Transforms
dbo.InsertModel,transforms,dbo.MarkovProcess,@transforms
dbo.InsertModel,transforms,dbo.MarkovProcess2,@transforms
dbo.InsertModel,transforms,dbo.ModelEventKey,@transforms
dbo.InsertModel,transforms,dbo.ModelEventsByProperty,@transforms
dbo.InsertModel,transforms,dbo.ModelID,@transforms
dbo.InsertModel,transforms,dbo.ParseTransforms,@transforms
dbo.InsertModel,transforms,dbo.SelectedEvents,@transforms
dbo.InsertModel,transforms,dbo.SequenceSegments,@transforms
dbo.InsertModel,transforms,dbo.Sequences,@transforms
dbo.InsertModel,transforms,dbo.TransformsKey,@Transforms
dbo.InsertModel,transforms,dbo.UpdateTransform,@Transforms
dbo.InsertModel,transforms,dbo.sp_AdjacencyMatrix,@transforms
dbo.InsertModel,transforms,dbo.sp_ConditionalProbabilityTable,@transforms
dbo.InsertModel,transforms,dbo.sp_SelectedEvents,@transforms
dbo.InsertModel,transforms,dbo.sp_SequenceSegments,@transforms
dbo.InsertModel,transforms,dbo.sp_Sequences,@transforms
dbo.InsertSource,@SourceID,dbo.InsertCase,@SourceID
dbo.InsertSource,@SourceID,dbo.InsertSourceColumn,@SourceID
dbo.InsertTransforms,@Transformskey,dbo.UpdateTransform,@Transformskey
dbo.InsertTransforms,transforms,dbo.AdjacencyMatrix,@transforms
dbo.InsertTransforms,transforms,dbo.BayesianProbability,@transforms
dbo.InsertTransforms,transforms,dbo.BayesianProbability2,@transforms
dbo.InsertTransforms,transforms,dbo.ConditionalProbabilityTable,@transforms
dbo.InsertTransforms,transforms,dbo.CreateUpdateBayesianProbabilities,@transforms
dbo.InsertTransforms,transforms,dbo.CreateUpdateMarkovProcess,@transforms
dbo.InsertTransforms,transforms,dbo.EntryAndExitPoints,@transforms
dbo.InsertTransforms,transforms,dbo.InsertModel,@transforms
dbo.InsertTransforms,transforms,dbo.MarkovProcess,@transforms
dbo.InsertTransforms,transforms,dbo.MarkovProcess2,@transforms
dbo.InsertTransforms,transforms,dbo.ModelEventKey,@transforms
dbo.InsertTransforms,transforms,dbo.ModelEventsByProperty,@transforms
dbo.InsertTransforms,transforms,dbo.ModelID,@transforms
dbo.InsertTransforms,transforms,dbo.ParseTransforms,@transforms
dbo.InsertTransforms,transforms,dbo.SelectedEvents,@transforms
dbo.InsertTransforms,transforms,dbo.SequenceSegments,@transforms
dbo.InsertTransforms,transforms,dbo.Sequences,@transforms
dbo.InsertTransforms,transforms,dbo.TransformsKey,@Transforms
dbo.InsertTransforms,transforms,dbo.UpdateTransform,@Transforms
dbo.InsertTransforms,transforms,dbo.sp_AdjacencyMatrix,@transforms
dbo.InsertTransforms,transforms,dbo.sp_ConditionalProbabilityTable,@transforms
dbo.InsertTransforms,transforms,dbo.sp_SelectedEvents,@transforms
dbo.InsertTransforms,transforms,dbo.sp_SequenceSegments,@transforms
dbo.InsertTransforms,transforms,dbo.sp_Sequences,@transforms
dbo.MarkovProcess,EventB,dbo.ModelDrillThrough,@EventB
dbo.MarkovProcess,EventB,dbo.SegmentComparison,@EventB
dbo.MarkovProcess,EventB,dbo.sp_ModelDrillThrough,@EventB
dbo.MarkovProcess,ModelID,dbo.CalculateBayesianForModels,@ModelID
dbo.MarkovProcess,ModelID,dbo.CaseCharacteristics,@ModelID
dbo.MarkovProcess,ModelID,dbo.CreateUpdateMarkovProcess,@ModelID
dbo.MarkovProcess,ModelID,dbo.DeleteModel,@ModelID
dbo.MarkovProcess,ModelID,dbo.DrillThroughToModelEvents,@ModelID
dbo.MarkovProcess,ModelID,dbo.GetModelEventString,@ModelID
dbo.MarkovProcess,ModelID,dbo.GetModelPropertyString,@ModelID
dbo.MarkovProcess,ModelID,dbo.InsertModel,@ModelID
dbo.MarkovProcess,ModelID,dbo.MarkovProcess2,@ModelID
dbo.MarkovProcess,ModelID,dbo.Markov_Model_Confidence_Support,@ModelID
dbo.MarkovProcess,ModelID,dbo.ModelDrillThrough,@ModelID
dbo.MarkovProcess,ModelID,dbo.ModelEventAnomalies,@ModelID
dbo.MarkovProcess,ModelID,dbo.ModelEventsByOrdinalMean,@ModelID
dbo.MarkovProcess,ModelID,dbo.ModelMatrix,@ModelID
dbo.MarkovProcess,ModelID,dbo.SeqProb,@ModelID
dbo.MarkovProcess,ModelID,dbo.SequenceProbability,@ModelID
dbo.MarkovProcess,ModelID,dbo.sp_CaseCharacteristics,@ModelID
dbo.MarkovProcess,ModelID,dbo.sp_DrillThroughToModelEvents,@ModelID
dbo.MarkovProcess,ModelID,dbo.sp_ModelDrillThrough,@ModelID
dbo.MarkovProcess,metric,dbo.AddEventToCaseProperties,@Metric
dbo.MarkovProcess,metric,dbo.CreateUpdateMarkovProcess,@metric
dbo.MarkovProcess,metric,dbo.DefaultModelParameters,@metric
dbo.MarkovProcess,metric,dbo.EntryAndExitPoints,@metric
dbo.MarkovProcess,metric,dbo.InsertModel,@metric
dbo.MarkovProcess,metric,dbo.MarkovProcess2,@metric
dbo.MarkovProcess,metric,dbo.ModelEventKey,@Metric
dbo.MarkovProcess,metric,dbo.ModelEventsByProperty,@Metric
dbo.MarkovProcess,metric,dbo.ModelID,@Metric
dbo.MarkovProcess,metric,dbo.SelectedEvents,@metric
dbo.MarkovProcess,metric,dbo.SequenceSegments,@Metric
dbo.MarkovProcess,metric,dbo.Sequences,@Metric
dbo.MarkovProcess,metric,dbo.sp_SelectedEvents,@metric
dbo.MarkovProcess,metric,dbo.sp_SequenceSegments,@Metric
dbo.MarkovProcess,metric,dbo.sp_Sequences,@Metric
dbo.MarkovProcess2,EventB,dbo.ModelDrillThrough,@EventB
dbo.MarkovProcess2,EventB,dbo.SegmentComparison,@EventB
dbo.MarkovProcess2,EventB,dbo.sp_ModelDrillThrough,@EventB
dbo.Markov_Model_Confidence_Support,ModelID,dbo.CalculateBayesianForModels,@ModelID
dbo.Markov_Model_Confidence_Support,ModelID,dbo.CaseCharacteristics,@ModelID
dbo.Markov_Model_Confidence_Support,ModelID,dbo.CreateUpdateMarkovProcess,@ModelID
dbo.Markov_Model_Confidence_Support,ModelID,dbo.DeleteModel,@ModelID
dbo.Markov_Model_Confidence_Support,ModelID,dbo.DrillThroughToModelEvents,@ModelID
dbo.Markov_Model_Confidence_Support,ModelID,dbo.GetModelEventString,@ModelID
dbo.Markov_Model_Confidence_Support,ModelID,dbo.GetModelPropertyString,@ModelID
dbo.Markov_Model_Confidence_Support,ModelID,dbo.InsertModel,@ModelID
dbo.Markov_Model_Confidence_Support,ModelID,dbo.MarkovProcess2,@ModelID
dbo.Markov_Model_Confidence_Support,ModelID,dbo.ModelDrillThrough,@ModelID
dbo.Markov_Model_Confidence_Support,ModelID,dbo.ModelEventAnomalies,@ModelID
dbo.Markov_Model_Confidence_Support,ModelID,dbo.ModelEventsByOrdinalMean,@ModelID
dbo.Markov_Model_Confidence_Support,ModelID,dbo.ModelMatrix,@ModelID
dbo.Markov_Model_Confidence_Support,ModelID,dbo.SeqProb,@ModelID
dbo.Markov_Model_Confidence_Support,ModelID,dbo.SequenceProbability,@ModelID
dbo.Markov_Model_Confidence_Support,ModelID,dbo.sp_CaseCharacteristics,@ModelID
dbo.Markov_Model_Confidence_Support,ModelID,dbo.sp_DrillThroughToModelEvents,@ModelID
dbo.Markov_Model_Confidence_Support,ModelID,dbo.sp_ModelDrillThrough,@ModelID
dbo.ModelDrillThrough,CaseID,dbo.DeleteCase,@CaseID
dbo.ModelDrillThrough,CaseID,dbo.InsertCase,@CaseID
dbo.ModelDrillThrough,CaseID,dbo.InsertCaseProperties,@CaseID
dbo.ModelDrillThrough,CaseID,dbo.UpdateCaseFromEvents,@CaseID
dbo.ModelDrillThrough,EventA,dbo.SegmentComparison,@EventA
dbo.ModelDrillThrough,EventA,dbo.sp_ModelDrillThrough,@EventA
dbo.ModelDrillThrough,EventB,dbo.SegmentComparison,@EventB
dbo.ModelDrillThrough,EventB,dbo.sp_ModelDrillThrough,@EventB
dbo.ModelDrillThrough,EventID,dbo.EventPropertiesSource,@EventID
dbo.ModelEventAnomalies,CaseID,dbo.DeleteCase,@CaseID
dbo.ModelEventAnomalies,CaseID,dbo.InsertCase,@CaseID
dbo.ModelEventAnomalies,CaseID,dbo.InsertCaseProperties,@CaseID
dbo.ModelEventAnomalies,CaseID,dbo.UpdateCaseFromEvents,@CaseID
dbo.ModelEventAnomalies,EventA,dbo.ModelDrillThrough,@EventA
dbo.ModelEventAnomalies,EventA,dbo.SegmentComparison,@EventA
dbo.ModelEventAnomalies,EventA,dbo.sp_ModelDrillThrough,@EventA
dbo.ModelEventAnomalies,EventB,dbo.ModelDrillThrough,@EventB
dbo.ModelEventAnomalies,EventB,dbo.SegmentComparison,@EventB
dbo.ModelEventAnomalies,EventB,dbo.sp_ModelDrillThrough,@EventB
dbo.ModelEventAnomalies,Metric,dbo.AddEventToCaseProperties,@Metric
dbo.ModelEventAnomalies,Metric,dbo.CreateUpdateMarkovProcess,@metric
dbo.ModelEventAnomalies,Metric,dbo.DefaultModelParameters,@metric
dbo.ModelEventAnomalies,Metric,dbo.EntryAndExitPoints,@metric
dbo.ModelEventAnomalies,Metric,dbo.InsertModel,@metric
dbo.ModelEventAnomalies,Metric,dbo.MarkovProcess,@metric
dbo.ModelEventAnomalies,Metric,dbo.MarkovProcess2,@metric
dbo.ModelEventAnomalies,Metric,dbo.ModelEventKey,@Metric
dbo.ModelEventAnomalies,Metric,dbo.ModelEventsByProperty,@Metric
dbo.ModelEventAnomalies,Metric,dbo.ModelID,@Metric
dbo.ModelEventAnomalies,Metric,dbo.SelectedEvents,@metric
dbo.ModelEventAnomalies,Metric,dbo.SequenceSegments,@Metric
dbo.ModelEventAnomalies,Metric,dbo.Sequences,@Metric
dbo.ModelEventAnomalies,Metric,dbo.sp_SelectedEvents,@metric
dbo.ModelEventAnomalies,Metric,dbo.sp_SequenceSegments,@Metric
dbo.ModelEventAnomalies,Metric,dbo.sp_Sequences,@Metric
dbo.ModelEventAnomalies,ModelID,dbo.CalculateBayesianForModels,@ModelID
dbo.ModelEventAnomalies,ModelID,dbo.CaseCharacteristics,@ModelID
dbo.ModelEventAnomalies,ModelID,dbo.CreateUpdateMarkovProcess,@ModelID
dbo.ModelEventAnomalies,ModelID,dbo.DeleteModel,@ModelID
dbo.ModelEventAnomalies,ModelID,dbo.DrillThroughToModelEvents,@ModelID
dbo.ModelEventAnomalies,ModelID,dbo.GetModelEventString,@ModelID
dbo.ModelEventAnomalies,ModelID,dbo.GetModelPropertyString,@ModelID
dbo.ModelEventAnomalies,ModelID,dbo.InsertModel,@ModelID
dbo.ModelEventAnomalies,ModelID,dbo.MarkovProcess2,@ModelID
dbo.ModelEventAnomalies,ModelID,dbo.Markov_Model_Confidence_Support,@ModelID
dbo.ModelEventAnomalies,ModelID,dbo.ModelDrillThrough,@ModelID
dbo.ModelEventAnomalies,ModelID,dbo.ModelEventsByOrdinalMean,@ModelID
dbo.ModelEventAnomalies,ModelID,dbo.ModelMatrix,@ModelID
dbo.ModelEventAnomalies,ModelID,dbo.SeqProb,@ModelID
dbo.ModelEventAnomalies,ModelID,dbo.SequenceProbability,@ModelID
dbo.ModelEventAnomalies,ModelID,dbo.sp_CaseCharacteristics,@ModelID
dbo.ModelEventAnomalies,ModelID,dbo.sp_DrillThroughToModelEvents,@ModelID
dbo.ModelEventAnomalies,ModelID,dbo.sp_ModelDrillThrough,@ModelID
dbo.ModelEventsByOrdinalMean,EventA,dbo.ModelDrillThrough,@EventA
dbo.ModelEventsByOrdinalMean,EventA,dbo.SegmentComparison,@EventA
dbo.ModelEventsByOrdinalMean,EventA,dbo.sp_ModelDrillThrough,@EventA
dbo.ModelEventsByProperty,EventA,dbo.ModelDrillThrough,@EventA
dbo.ModelEventsByProperty,EventA,dbo.SegmentComparison,@EventA
dbo.ModelEventsByProperty,EventA,dbo.sp_ModelDrillThrough,@EventA
dbo.ModelEventsByProperty,EventB,dbo.ModelDrillThrough,@EventB
dbo.ModelEventsByProperty,EventB,dbo.SegmentComparison,@EventB
dbo.ModelEventsByProperty,EventB,dbo.sp_ModelDrillThrough,@EventB
dbo.ModelEventsByProperty,Metric,dbo.AddEventToCaseProperties,@Metric
dbo.ModelEventsByProperty,Metric,dbo.CreateUpdateMarkovProcess,@metric
dbo.ModelEventsByProperty,Metric,dbo.DefaultModelParameters,@metric
dbo.ModelEventsByProperty,Metric,dbo.EntryAndExitPoints,@metric
dbo.ModelEventsByProperty,Metric,dbo.InsertModel,@metric
dbo.ModelEventsByProperty,Metric,dbo.MarkovProcess,@metric
dbo.ModelEventsByProperty,Metric,dbo.MarkovProcess2,@metric
dbo.ModelEventsByProperty,Metric,dbo.ModelEventKey,@Metric
dbo.ModelEventsByProperty,Metric,dbo.ModelID,@Metric
dbo.ModelEventsByProperty,Metric,dbo.SelectedEvents,@metric
dbo.ModelEventsByProperty,Metric,dbo.SequenceSegments,@Metric
dbo.ModelEventsByProperty,Metric,dbo.Sequences,@Metric
dbo.ModelEventsByProperty,Metric,dbo.sp_SelectedEvents,@metric
dbo.ModelEventsByProperty,Metric,dbo.sp_SequenceSegments,@Metric
dbo.ModelEventsByProperty,Metric,dbo.sp_Sequences,@Metric
dbo.ModelEventsByProperty,ModelID,dbo.CalculateBayesianForModels,@ModelID
dbo.ModelEventsByProperty,ModelID,dbo.CaseCharacteristics,@ModelID
dbo.ModelEventsByProperty,ModelID,dbo.CreateUpdateMarkovProcess,@ModelID
dbo.ModelEventsByProperty,ModelID,dbo.DeleteModel,@ModelID
dbo.ModelEventsByProperty,ModelID,dbo.DrillThroughToModelEvents,@ModelID
dbo.ModelEventsByProperty,ModelID,dbo.GetModelEventString,@ModelID
dbo.ModelEventsByProperty,ModelID,dbo.GetModelPropertyString,@ModelID
dbo.ModelEventsByProperty,ModelID,dbo.InsertModel,@ModelID
dbo.ModelEventsByProperty,ModelID,dbo.MarkovProcess2,@ModelID
dbo.ModelEventsByProperty,ModelID,dbo.Markov_Model_Confidence_Support,@ModelID
dbo.ModelEventsByProperty,ModelID,dbo.ModelDrillThrough,@ModelID
dbo.ModelEventsByProperty,ModelID,dbo.ModelEventAnomalies,@ModelID
dbo.ModelEventsByProperty,ModelID,dbo.ModelEventsByOrdinalMean,@ModelID
dbo.ModelEventsByProperty,ModelID,dbo.ModelMatrix,@ModelID
dbo.ModelEventsByProperty,ModelID,dbo.SeqProb,@ModelID
dbo.ModelEventsByProperty,ModelID,dbo.SequenceProbability,@ModelID
dbo.ModelEventsByProperty,ModelID,dbo.sp_CaseCharacteristics,@ModelID
dbo.ModelEventsByProperty,ModelID,dbo.sp_DrillThroughToModelEvents,@ModelID
dbo.ModelEventsByProperty,ModelID,dbo.sp_ModelDrillThrough,@ModelID
dbo.ModelEventsFull,ByCase,dbo.CreateUpdateMarkovProcess,@ByCase
dbo.ModelEventsFull,ByCase,dbo.EntryAndExitPoints,@ByCase
dbo.ModelEventsFull,ByCase,dbo.InsertModel,@ByCase
dbo.ModelEventsFull,ByCase,dbo.MarkovProcess,@ByCase
dbo.ModelEventsFull,ByCase,dbo.MarkovProcess2,@ByCase
dbo.ModelEventsFull,ByCase,dbo.ModelEventKey,@ByCase
dbo.ModelEventsFull,ByCase,dbo.ModelEventsByProperty,@ByCase
dbo.ModelEventsFull,ByCase,dbo.ModelID,@ByCase
dbo.ModelEventsFull,ByCase,dbo.SelectedEvents,@ByCase
dbo.ModelEventsFull,ByCase,dbo.SequenceSegments,@ByCase
dbo.ModelEventsFull,ByCase,dbo.Sequences,@ByCase
dbo.ModelEventsFull,ByCase,dbo.sp_SelectedEvents,@ByCase
dbo.ModelEventsFull,ByCase,dbo.sp_SequenceSegments,@ByCase
dbo.ModelEventsFull,ByCase,dbo.sp_Sequences,@ByCase
dbo.ModelEventsFull,EndDateTime,dbo.BayesianProbability,@EndDateTime
dbo.ModelEventsFull,EndDateTime,dbo.BayesianProbability2,@EndDateTime
dbo.ModelEventsFull,EndDateTime,dbo.ConditionalProbabilityTable,@EndDateTime
dbo.ModelEventsFull,EndDateTime,dbo.CreateUpdateBayesianProbabilities,@EndDateTime
dbo.ModelEventsFull,EndDateTime,dbo.CreateUpdateMarkovProcess,@EndDateTime
dbo.ModelEventsFull,EndDateTime,dbo.DefaultModelParameters,@EndDateTime
dbo.ModelEventsFull,EndDateTime,dbo.EntryAndExitPoints,@EndDateTime
dbo.ModelEventsFull,EndDateTime,dbo.InsertCase,@EndDateTime
dbo.ModelEventsFull,EndDateTime,dbo.InsertModel,@EndDateTime
dbo.ModelEventsFull,EndDateTime,dbo.MarkovProcess,@EndDateTime
dbo.ModelEventsFull,EndDateTime,dbo.MarkovProcess2,@EndDateTime
dbo.ModelEventsFull,EndDateTime,dbo.ModelEventKey,@EndDateTime
dbo.ModelEventsFull,EndDateTime,dbo.ModelEventsByProperty,@EndDateTime
dbo.ModelEventsFull,EndDateTime,dbo.ModelID,@EndDateTime
dbo.ModelEventsFull,EndDateTime,dbo.SelectedEvents,@EndDateTime
dbo.ModelEventsFull,EndDateTime,dbo.SequenceSegments,@EndDateTime
dbo.ModelEventsFull,EndDateTime,dbo.Sequences,@EndDateTime
dbo.ModelEventsFull,EndDateTime,dbo.sp_CompareEventProximities,@EndDateTime
dbo.ModelEventsFull,EndDateTime,dbo.sp_ConditionalProbabilityTable,@EndDateTime
dbo.ModelEventsFull,EndDateTime,dbo.sp_SelectEventsbyProperties,@EndDateTime
dbo.ModelEventsFull,EndDateTime,dbo.sp_SelectedEvents,@EndDateTime
dbo.ModelEventsFull,EndDateTime,dbo.sp_SequenceSegments,@EndDateTime
dbo.ModelEventsFull,EndDateTime,dbo.sp_Sequences,@EndDateTime
dbo.ModelEventsFull,EventA,dbo.ModelDrillThrough,@EventA
dbo.ModelEventsFull,EventA,dbo.SegmentComparison,@EventA
dbo.ModelEventsFull,EventA,dbo.sp_ModelDrillThrough,@EventA
dbo.ModelEventsFull,EventB,dbo.ModelDrillThrough,@EventB
dbo.ModelEventsFull,EventB,dbo.SegmentComparison,@EventB
dbo.ModelEventsFull,EventB,dbo.sp_ModelDrillThrough,@EventB
dbo.ModelEventsFull,Metric,dbo.AddEventToCaseProperties,@Metric
dbo.ModelEventsFull,Metric,dbo.CreateUpdateMarkovProcess,@metric
dbo.ModelEventsFull,Metric,dbo.DefaultModelParameters,@metric
dbo.ModelEventsFull,Metric,dbo.EntryAndExitPoints,@metric
dbo.ModelEventsFull,Metric,dbo.InsertModel,@metric
dbo.ModelEventsFull,Metric,dbo.MarkovProcess,@metric
dbo.ModelEventsFull,Metric,dbo.MarkovProcess2,@metric
dbo.ModelEventsFull,Metric,dbo.ModelEventKey,@Metric
dbo.ModelEventsFull,Metric,dbo.ModelEventsByProperty,@Metric
dbo.ModelEventsFull,Metric,dbo.ModelID,@Metric
dbo.ModelEventsFull,Metric,dbo.SelectedEvents,@metric
dbo.ModelEventsFull,Metric,dbo.SequenceSegments,@Metric
dbo.ModelEventsFull,Metric,dbo.Sequences,@Metric
dbo.ModelEventsFull,Metric,dbo.sp_SelectedEvents,@metric
dbo.ModelEventsFull,Metric,dbo.sp_SequenceSegments,@Metric
dbo.ModelEventsFull,Metric,dbo.sp_Sequences,@Metric
dbo.ModelEventsFull,ModelID,dbo.CalculateBayesianForModels,@ModelID
dbo.ModelEventsFull,ModelID,dbo.CaseCharacteristics,@ModelID
dbo.ModelEventsFull,ModelID,dbo.CreateUpdateMarkovProcess,@ModelID
dbo.ModelEventsFull,ModelID,dbo.DeleteModel,@ModelID
dbo.ModelEventsFull,ModelID,dbo.DrillThroughToModelEvents,@ModelID
dbo.ModelEventsFull,ModelID,dbo.GetModelEventString,@ModelID
dbo.ModelEventsFull,ModelID,dbo.GetModelPropertyString,@ModelID
dbo.ModelEventsFull,ModelID,dbo.InsertModel,@ModelID
dbo.ModelEventsFull,ModelID,dbo.MarkovProcess2,@ModelID
dbo.ModelEventsFull,ModelID,dbo.Markov_Model_Confidence_Support,@ModelID
dbo.ModelEventsFull,ModelID,dbo.ModelDrillThrough,@ModelID
dbo.ModelEventsFull,ModelID,dbo.ModelEventAnomalies,@ModelID
dbo.ModelEventsFull,ModelID,dbo.ModelEventsByOrdinalMean,@ModelID
dbo.ModelEventsFull,ModelID,dbo.ModelMatrix,@ModelID
dbo.ModelEventsFull,ModelID,dbo.SeqProb,@ModelID
dbo.ModelEventsFull,ModelID,dbo.SequenceProbability,@ModelID
dbo.ModelEventsFull,ModelID,dbo.sp_CaseCharacteristics,@ModelID
dbo.ModelEventsFull,ModelID,dbo.sp_DrillThroughToModelEvents,@ModelID
dbo.ModelEventsFull,ModelID,dbo.sp_ModelDrillThrough,@ModelID
dbo.ModelEventsFull,ModelType,dbo.InsertModel,@ModelType
dbo.ModelEventsFull,ModelType,dbo.ModelEventsByProperty,@ModelType
dbo.ModelEventsFull,ModelType,dbo.ModelID,@ModelType
dbo.ModelEventsFull,StartDateTime,dbo.BayesianProbability,@StartDateTime
dbo.ModelEventsFull,StartDateTime,dbo.BayesianProbability2,@StartDateTime
dbo.ModelEventsFull,StartDateTime,dbo.ConditionalProbabilityTable,@StartDateTime
dbo.ModelEventsFull,StartDateTime,dbo.CreateUpdateBayesianProbabilities,@StartDateTime
dbo.ModelEventsFull,StartDateTime,dbo.CreateUpdateMarkovProcess,@StartDateTime
dbo.ModelEventsFull,StartDateTime,dbo.DefaultModelParameters,@StartDateTime
dbo.ModelEventsFull,StartDateTime,dbo.EntryAndExitPoints,@StartDateTime
dbo.ModelEventsFull,StartDateTime,dbo.InsertCase,@StartDateTime
dbo.ModelEventsFull,StartDateTime,dbo.InsertModel,@StartDateTime
dbo.ModelEventsFull,StartDateTime,dbo.MarkovProcess,@StartDateTime
dbo.ModelEventsFull,StartDateTime,dbo.MarkovProcess2,@StartDateTime
dbo.ModelEventsFull,StartDateTime,dbo.ModelEventKey,@StartDateTime
dbo.ModelEventsFull,StartDateTime,dbo.ModelEventsByProperty,@StartDateTime
dbo.ModelEventsFull,StartDateTime,dbo.ModelID,@StartDateTime
dbo.ModelEventsFull,StartDateTime,dbo.SelectedEvents,@StartDateTime
dbo.ModelEventsFull,StartDateTime,dbo.SequenceSegments,@StartDateTime
dbo.ModelEventsFull,StartDateTime,dbo.Sequences,@StartDateTime
dbo.ModelEventsFull,StartDateTime,dbo.sp_CompareEventProximities,@StartDateTime
dbo.ModelEventsFull,StartDateTime,dbo.sp_ConditionalProbabilityTable,@StartDateTime
dbo.ModelEventsFull,StartDateTime,dbo.sp_SelectEventsbyProperties,@StartDateTime
dbo.ModelEventsFull,StartDateTime,dbo.sp_SelectedEvents,@StartDateTime
dbo.ModelEventsFull,StartDateTime,dbo.sp_SequenceSegments,@StartDateTime
dbo.ModelEventsFull,StartDateTime,dbo.sp_Sequences,@StartDateTime
dbo.ModelEventsFull,enumerate_multiple_events,dbo.AdjacencyMatrix,@enumerate_multiple_events
dbo.ModelEventsFull,enumerate_multiple_events,dbo.CreateUpdateMarkovProcess,@enumerate_multiple_events
dbo.ModelEventsFull,enumerate_multiple_events,dbo.DefaultModelParameters,@enumerate_multiple_events
dbo.ModelEventsFull,enumerate_multiple_events,dbo.EntryAndExitPoints,@enumerate_multiple_events
dbo.ModelEventsFull,enumerate_multiple_events,dbo.InsertModel,@enumerate_multiple_events
dbo.ModelEventsFull,enumerate_multiple_events,dbo.MarkovProcess,@enumerate_multiple_events
dbo.ModelEventsFull,enumerate_multiple_events,dbo.MarkovProcess2,@enumerate_multiple_events
dbo.ModelEventsFull,enumerate_multiple_events,dbo.ModelEventKey,@enumerate_multiple_events
dbo.ModelEventsFull,enumerate_multiple_events,dbo.ModelEventsByProperty,@enumerate_multiple_events
dbo.ModelEventsFull,enumerate_multiple_events,dbo.ModelID,@enumerate_multiple_events
dbo.ModelEventsFull,enumerate_multiple_events,dbo.SelectedEvents,@enumerate_multiple_events
dbo.ModelEventsFull,enumerate_multiple_events,dbo.SequenceSegments,@enumerate_multiple_events
dbo.ModelEventsFull,enumerate_multiple_events,dbo.Sequences,@enumerate_multiple_events
dbo.ModelEventsFull,enumerate_multiple_events,dbo.sp_AdjacencyMatrix,@enumerate_multiple_events
dbo.ModelEventsFull,enumerate_multiple_events,dbo.sp_SelectedEvents,@enumerate_multiple_events
dbo.ModelEventsFull,enumerate_multiple_events,dbo.sp_SequenceSegments,@enumerate_multiple_events
dbo.ModelEventsFull,enumerate_multiple_events,dbo.sp_Sequences,@enumerate_multiple_events
dbo.ModelID,ModelID,dbo.CalculateBayesianForModels,@ModelID
dbo.ModelID,ModelID,dbo.CaseCharacteristics,@ModelID
dbo.ModelID,ModelID,dbo.CreateUpdateMarkovProcess,@ModelID
dbo.ModelID,ModelID,dbo.DeleteModel,@ModelID
dbo.ModelID,ModelID,dbo.DrillThroughToModelEvents,@ModelID
dbo.ModelID,ModelID,dbo.GetModelEventString,@ModelID
dbo.ModelID,ModelID,dbo.GetModelPropertyString,@ModelID
dbo.ModelID,ModelID,dbo.InsertModel,@ModelID
dbo.ModelID,ModelID,dbo.MarkovProcess2,@ModelID
dbo.ModelID,ModelID,dbo.Markov_Model_Confidence_Support,@ModelID
dbo.ModelID,ModelID,dbo.ModelDrillThrough,@ModelID
dbo.ModelID,ModelID,dbo.ModelEventAnomalies,@ModelID
dbo.ModelID,ModelID,dbo.ModelEventsByOrdinalMean,@ModelID
dbo.ModelID,ModelID,dbo.ModelMatrix,@ModelID
dbo.ModelID,ModelID,dbo.SeqProb,@ModelID
dbo.ModelID,ModelID,dbo.SequenceProbability,@ModelID
dbo.ModelID,ModelID,dbo.sp_CaseCharacteristics,@ModelID
dbo.ModelID,ModelID,dbo.sp_DrillThroughToModelEvents,@ModelID
dbo.ModelID,ModelID,dbo.sp_ModelDrillThrough,@ModelID
dbo.ModelMatrix,EventA,dbo.ModelDrillThrough,@EventA
dbo.ModelMatrix,EventA,dbo.SegmentComparison,@EventA
dbo.ModelMatrix,EventA,dbo.sp_ModelDrillThrough,@EventA
dbo.ModelMatrix,EventB,dbo.ModelDrillThrough,@EventB
dbo.ModelMatrix,EventB,dbo.SegmentComparison,@EventB
dbo.ModelMatrix,EventB,dbo.sp_ModelDrillThrough,@EventB
dbo.ModelSimilaritySegments,EventA,dbo.ModelDrillThrough,@EventA
dbo.ModelSimilaritySegments,EventA,dbo.SegmentComparison,@EventA
dbo.ModelSimilaritySegments,EventA,dbo.sp_ModelDrillThrough,@EventA
dbo.ModelSimilaritySegments,EventB,dbo.ModelDrillThrough,@EventB
dbo.ModelSimilaritySegments,EventB,dbo.SegmentComparison,@EventB
dbo.ModelSimilaritySegments,EventB,dbo.sp_ModelDrillThrough,@EventB
dbo.ModelsWithProperties,ModelID,dbo.CalculateBayesianForModels,@ModelID
dbo.ModelsWithProperties,ModelID,dbo.CaseCharacteristics,@ModelID
dbo.ModelsWithProperties,ModelID,dbo.CreateUpdateMarkovProcess,@ModelID
dbo.ModelsWithProperties,ModelID,dbo.DeleteModel,@ModelID
dbo.ModelsWithProperties,ModelID,dbo.DrillThroughToModelEvents,@ModelID
dbo.ModelsWithProperties,ModelID,dbo.GetModelEventString,@ModelID
dbo.ModelsWithProperties,ModelID,dbo.GetModelPropertyString,@ModelID
dbo.ModelsWithProperties,ModelID,dbo.InsertModel,@ModelID
dbo.ModelsWithProperties,ModelID,dbo.MarkovProcess2,@ModelID
dbo.ModelsWithProperties,ModelID,dbo.Markov_Model_Confidence_Support,@ModelID
dbo.ModelsWithProperties,ModelID,dbo.ModelDrillThrough,@ModelID
dbo.ModelsWithProperties,ModelID,dbo.ModelEventAnomalies,@ModelID
dbo.ModelsWithProperties,ModelID,dbo.ModelEventsByOrdinalMean,@ModelID
dbo.ModelsWithProperties,ModelID,dbo.ModelMatrix,@ModelID
dbo.ModelsWithProperties,ModelID,dbo.SeqProb,@ModelID
dbo.ModelsWithProperties,ModelID,dbo.SequenceProbability,@ModelID
dbo.ModelsWithProperties,ModelID,dbo.sp_CaseCharacteristics,@ModelID
dbo.ModelsWithProperties,ModelID,dbo.sp_DrillThroughToModelEvents,@ModelID
dbo.ModelsWithProperties,ModelID,dbo.sp_ModelDrillThrough,@ModelID
dbo.ModelsWithProperties,ModelType,dbo.InsertModel,@ModelType
dbo.ModelsWithProperties,ModelType,dbo.ModelEventsByProperty,@ModelType
dbo.ModelsWithProperties,ModelType,dbo.ModelID,@ModelType
dbo.RefreshUserAccessBitmaps,SUSER_NAME,dbo.SetUserAccessBitmap,@SUSER_NAME
dbo.RefreshUserAccessBitmaps,SUSER_NAME,dbo.UserID,@SUSER_NAME
dbo.RefreshUserAccessBitmaps,UserID,dbo.SetUserAccessBitmap,@UserID
dbo.SegmentComparison,DistinctCases,dbo.MarkovProcess2,@DistinctCases
dbo.SegmentComparison,EndDateTime,dbo.BayesianProbability,@EndDateTime
dbo.SegmentComparison,EndDateTime,dbo.BayesianProbability2,@EndDateTime
dbo.SegmentComparison,EndDateTime,dbo.ConditionalProbabilityTable,@EndDateTime
dbo.SegmentComparison,EndDateTime,dbo.CreateUpdateBayesianProbabilities,@EndDateTime
dbo.SegmentComparison,EndDateTime,dbo.CreateUpdateMarkovProcess,@EndDateTime
dbo.SegmentComparison,EndDateTime,dbo.DefaultModelParameters,@EndDateTime
dbo.SegmentComparison,EndDateTime,dbo.EntryAndExitPoints,@EndDateTime
dbo.SegmentComparison,EndDateTime,dbo.InsertCase,@EndDateTime
dbo.SegmentComparison,EndDateTime,dbo.InsertModel,@EndDateTime
dbo.SegmentComparison,EndDateTime,dbo.MarkovProcess,@EndDateTime
dbo.SegmentComparison,EndDateTime,dbo.MarkovProcess2,@EndDateTime
dbo.SegmentComparison,EndDateTime,dbo.ModelEventKey,@EndDateTime
dbo.SegmentComparison,EndDateTime,dbo.ModelEventsByProperty,@EndDateTime
dbo.SegmentComparison,EndDateTime,dbo.ModelID,@EndDateTime
dbo.SegmentComparison,EndDateTime,dbo.SelectedEvents,@EndDateTime
dbo.SegmentComparison,EndDateTime,dbo.SequenceSegments,@EndDateTime
dbo.SegmentComparison,EndDateTime,dbo.Sequences,@EndDateTime
dbo.SegmentComparison,EndDateTime,dbo.sp_CompareEventProximities,@EndDateTime
dbo.SegmentComparison,EndDateTime,dbo.sp_ConditionalProbabilityTable,@EndDateTime
dbo.SegmentComparison,EndDateTime,dbo.sp_SelectEventsbyProperties,@EndDateTime
dbo.SegmentComparison,EndDateTime,dbo.sp_SelectedEvents,@EndDateTime
dbo.SegmentComparison,EndDateTime,dbo.sp_SequenceSegments,@EndDateTime
dbo.SegmentComparison,EndDateTime,dbo.sp_Sequences,@EndDateTime
dbo.SegmentComparison,EventA,dbo.ModelDrillThrough,@EventA
dbo.SegmentComparison,EventA,dbo.sp_ModelDrillThrough,@EventA
dbo.SegmentComparison,EventB,dbo.ModelDrillThrough,@EventB
dbo.SegmentComparison,EventB,dbo.sp_ModelDrillThrough,@EventB
dbo.SegmentComparison,Metric,dbo.AddEventToCaseProperties,@Metric
dbo.SegmentComparison,Metric,dbo.CreateUpdateMarkovProcess,@metric
dbo.SegmentComparison,Metric,dbo.DefaultModelParameters,@metric
dbo.SegmentComparison,Metric,dbo.EntryAndExitPoints,@metric
dbo.SegmentComparison,Metric,dbo.InsertModel,@metric
dbo.SegmentComparison,Metric,dbo.MarkovProcess,@metric
dbo.SegmentComparison,Metric,dbo.MarkovProcess2,@metric
dbo.SegmentComparison,Metric,dbo.ModelEventKey,@Metric
dbo.SegmentComparison,Metric,dbo.ModelEventsByProperty,@Metric
dbo.SegmentComparison,Metric,dbo.ModelID,@Metric
dbo.SegmentComparison,Metric,dbo.SelectedEvents,@metric
dbo.SegmentComparison,Metric,dbo.SequenceSegments,@Metric
dbo.SegmentComparison,Metric,dbo.Sequences,@Metric
dbo.SegmentComparison,Metric,dbo.sp_SelectedEvents,@metric
dbo.SegmentComparison,Metric,dbo.sp_SequenceSegments,@Metric
dbo.SegmentComparison,Metric,dbo.sp_Sequences,@Metric
dbo.SegmentComparison,MetricID,dbo.InsertModel,@MetricID
dbo.SegmentComparison,ModelID,dbo.CalculateBayesianForModels,@ModelID
dbo.SegmentComparison,ModelID,dbo.CaseCharacteristics,@ModelID
dbo.SegmentComparison,ModelID,dbo.CreateUpdateMarkovProcess,@ModelID
dbo.SegmentComparison,ModelID,dbo.DeleteModel,@ModelID
dbo.SegmentComparison,ModelID,dbo.DrillThroughToModelEvents,@ModelID
dbo.SegmentComparison,ModelID,dbo.GetModelEventString,@ModelID
dbo.SegmentComparison,ModelID,dbo.GetModelPropertyString,@ModelID
dbo.SegmentComparison,ModelID,dbo.InsertModel,@ModelID
dbo.SegmentComparison,ModelID,dbo.MarkovProcess2,@ModelID
dbo.SegmentComparison,ModelID,dbo.Markov_Model_Confidence_Support,@ModelID
dbo.SegmentComparison,ModelID,dbo.ModelDrillThrough,@ModelID
dbo.SegmentComparison,ModelID,dbo.ModelEventAnomalies,@ModelID
dbo.SegmentComparison,ModelID,dbo.ModelEventsByOrdinalMean,@ModelID
dbo.SegmentComparison,ModelID,dbo.ModelMatrix,@ModelID
dbo.SegmentComparison,ModelID,dbo.SeqProb,@ModelID
dbo.SegmentComparison,ModelID,dbo.SequenceProbability,@ModelID
dbo.SegmentComparison,ModelID,dbo.sp_CaseCharacteristics,@ModelID
dbo.SegmentComparison,ModelID,dbo.sp_DrillThroughToModelEvents,@ModelID
dbo.SegmentComparison,ModelID,dbo.sp_ModelDrillThrough,@ModelID
dbo.SegmentComparison,PropertyName,dbo.AddEventToCaseProperties,@PropertyName
dbo.SegmentComparison,PropertyName,dbo.utility_LogProcError,@PropertyName
dbo.SegmentComparison,StartDateTime,dbo.BayesianProbability,@StartDateTime
dbo.SegmentComparison,StartDateTime,dbo.BayesianProbability2,@StartDateTime
dbo.SegmentComparison,StartDateTime,dbo.ConditionalProbabilityTable,@StartDateTime
dbo.SegmentComparison,StartDateTime,dbo.CreateUpdateBayesianProbabilities,@StartDateTime
dbo.SegmentComparison,StartDateTime,dbo.CreateUpdateMarkovProcess,@StartDateTime
dbo.SegmentComparison,StartDateTime,dbo.DefaultModelParameters,@StartDateTime
dbo.SegmentComparison,StartDateTime,dbo.EntryAndExitPoints,@StartDateTime
dbo.SegmentComparison,StartDateTime,dbo.InsertCase,@StartDateTime
dbo.SegmentComparison,StartDateTime,dbo.InsertModel,@StartDateTime
dbo.SegmentComparison,StartDateTime,dbo.MarkovProcess,@StartDateTime
dbo.SegmentComparison,StartDateTime,dbo.MarkovProcess2,@StartDateTime
dbo.SegmentComparison,StartDateTime,dbo.ModelEventKey,@StartDateTime
dbo.SegmentComparison,StartDateTime,dbo.ModelEventsByProperty,@StartDateTime
dbo.SegmentComparison,StartDateTime,dbo.ModelID,@StartDateTime
dbo.SegmentComparison,StartDateTime,dbo.SelectedEvents,@StartDateTime
dbo.SegmentComparison,StartDateTime,dbo.SequenceSegments,@StartDateTime
dbo.SegmentComparison,StartDateTime,dbo.Sequences,@StartDateTime
dbo.SegmentComparison,StartDateTime,dbo.sp_CompareEventProximities,@StartDateTime
dbo.SegmentComparison,StartDateTime,dbo.sp_ConditionalProbabilityTable,@StartDateTime
dbo.SegmentComparison,StartDateTime,dbo.sp_SelectEventsbyProperties,@StartDateTime
dbo.SegmentComparison,StartDateTime,dbo.sp_SelectedEvents,@StartDateTime
dbo.SegmentComparison,StartDateTime,dbo.sp_SequenceSegments,@StartDateTime
dbo.SegmentComparison,StartDateTime,dbo.sp_Sequences,@StartDateTime
dbo.SelectedEvents,CaseID,dbo.DeleteCase,@CaseID
dbo.SelectedEvents,CaseID,dbo.InsertCase,@CaseID
dbo.SelectedEvents,CaseID,dbo.InsertCaseProperties,@CaseID
dbo.SelectedEvents,CaseID,dbo.UpdateCaseFromEvents,@CaseID
dbo.SelectedEvents,EventID,dbo.EventPropertiesSource,@EventID
dbo.SeqProb,ModelID,dbo.CalculateBayesianForModels,@ModelID
dbo.SeqProb,ModelID,dbo.CaseCharacteristics,@ModelID
dbo.SeqProb,ModelID,dbo.CreateUpdateMarkovProcess,@ModelID
dbo.SeqProb,ModelID,dbo.DeleteModel,@ModelID
dbo.SeqProb,ModelID,dbo.DrillThroughToModelEvents,@ModelID
dbo.SeqProb,ModelID,dbo.GetModelEventString,@ModelID
dbo.SeqProb,ModelID,dbo.GetModelPropertyString,@ModelID
dbo.SeqProb,ModelID,dbo.InsertModel,@ModelID
dbo.SeqProb,ModelID,dbo.MarkovProcess2,@ModelID
dbo.SeqProb,ModelID,dbo.Markov_Model_Confidence_Support,@ModelID
dbo.SeqProb,ModelID,dbo.ModelDrillThrough,@ModelID
dbo.SeqProb,ModelID,dbo.ModelEventAnomalies,@ModelID
dbo.SeqProb,ModelID,dbo.ModelEventsByOrdinalMean,@ModelID
dbo.SeqProb,ModelID,dbo.ModelMatrix,@ModelID
dbo.SeqProb,ModelID,dbo.SequenceProbability,@ModelID
dbo.SeqProb,ModelID,dbo.sp_CaseCharacteristics,@ModelID
dbo.SeqProb,ModelID,dbo.sp_DrillThroughToModelEvents,@ModelID
dbo.SeqProb,ModelID,dbo.sp_ModelDrillThrough,@ModelID
dbo.SeqProb,Seq,dbo.SequenceKey,@Seq
dbo.SeqProb,nextEvent,dbo.SequenceKey,@NextEvent
dbo.SequenceSegments,Seq,dbo.SequenceKey,@Seq
dbo.Sequences,ModelID,dbo.CalculateBayesianForModels,@ModelID
dbo.Sequences,ModelID,dbo.CaseCharacteristics,@ModelID
dbo.Sequences,ModelID,dbo.CreateUpdateMarkovProcess,@ModelID
dbo.Sequences,ModelID,dbo.DeleteModel,@ModelID
dbo.Sequences,ModelID,dbo.DrillThroughToModelEvents,@ModelID
dbo.Sequences,ModelID,dbo.GetModelEventString,@ModelID
dbo.Sequences,ModelID,dbo.GetModelPropertyString,@ModelID
dbo.Sequences,ModelID,dbo.InsertModel,@ModelID
dbo.Sequences,ModelID,dbo.MarkovProcess2,@ModelID
dbo.Sequences,ModelID,dbo.Markov_Model_Confidence_Support,@ModelID
dbo.Sequences,ModelID,dbo.ModelDrillThrough,@ModelID
dbo.Sequences,ModelID,dbo.ModelEventAnomalies,@ModelID
dbo.Sequences,ModelID,dbo.ModelEventsByOrdinalMean,@ModelID
dbo.Sequences,ModelID,dbo.ModelMatrix,@ModelID
dbo.Sequences,ModelID,dbo.SeqProb,@ModelID
dbo.Sequences,ModelID,dbo.SequenceProbability,@ModelID
dbo.Sequences,ModelID,dbo.sp_CaseCharacteristics,@ModelID
dbo.Sequences,ModelID,dbo.sp_DrillThroughToModelEvents,@ModelID
dbo.Sequences,ModelID,dbo.sp_ModelDrillThrough,@ModelID
dbo.Sequences,Seq,dbo.SequenceKey,@Seq
dbo.Sequences,nextEvent,dbo.SequenceKey,@NextEvent
dbo.SourceColumnsByCaseType,ColumnName,dbo.InsertSourceColumn,@ColumnName
dbo.SourceColumnsByCaseType,DataType,dbo.InsertSourceColumn,@DataType
dbo.SourceColumnsByCaseType,DatabaseName,dbo.InsertSource,@DatabaseName
dbo.SourceColumnsByCaseType,DatabaseName,dbo.SourceID,@DatabaseName
dbo.SourceColumnsByCaseType,IsKey,dbo.InsertSourceColumn,@IsKey
dbo.SourceColumnsByCaseType,IsOrdinal,dbo.InsertSourceColumn,@IsOrdinal
dbo.SourceColumnsByCaseType,ServerName,dbo.InsertSource,@ServerName
dbo.SourceColumnsByCaseType,ServerName,dbo.SourceID,@ServerName
dbo.SourceColumnsByCaseType,SourceColumnID,dbo.InsertSourceColumn,@SourceColumnID
dbo.SourceColumnsByCaseType,SourceID,dbo.InsertCase,@SourceID
dbo.SourceColumnsByCaseType,SourceID,dbo.InsertSource,@SourceID
dbo.SourceColumnsByCaseType,SourceID,dbo.InsertSourceColumn,@SourceID
dbo.SourceColumnsByCaseType,TableName,dbo.InsertSourceColumn,@TableName
dbo.SourceColumnsByEventType,ColumnName,dbo.InsertSourceColumn,@ColumnName
dbo.SourceColumnsByEventType,DataType,dbo.InsertSourceColumn,@DataType
dbo.SourceColumnsByEventType,DatabaseName,dbo.InsertSource,@DatabaseName
dbo.SourceColumnsByEventType,DatabaseName,dbo.SourceID,@DatabaseName
dbo.SourceColumnsByEventType,Events,dbo.AddEventToCaseProperties,@Event
dbo.SourceColumnsByEventType,Events,dbo.InsertEvent,@Event
dbo.SourceColumnsByEventType,IsKey,dbo.InsertSourceColumn,@IsKey
dbo.SourceColumnsByEventType,IsOrdinal,dbo.InsertSourceColumn,@IsOrdinal
dbo.SourceColumnsByEventType,ServerName,dbo.InsertSource,@ServerName
dbo.SourceColumnsByEventType,ServerName,dbo.SourceID,@ServerName
dbo.SourceColumnsByEventType,SourceColumnID,dbo.InsertSourceColumn,@SourceColumnID
dbo.SourceColumnsByEventType,SourceID,dbo.InsertCase,@SourceID
dbo.SourceColumnsByEventType,SourceID,dbo.InsertSource,@SourceID
dbo.SourceColumnsByEventType,SourceID,dbo.InsertSourceColumn,@SourceID
dbo.SourceColumnsByEventType,TableName,dbo.InsertSourceColumn,@TableName
dbo.SourceID,SourceID,dbo.InsertCase,@SourceID
dbo.SourceID,SourceID,dbo.InsertSource,@SourceID
dbo.SourceID,SourceID,dbo.InsertSourceColumn,@SourceID
dbo.UpdateTransform,transforms,dbo.AdjacencyMatrix,@transforms
dbo.UpdateTransform,transforms,dbo.BayesianProbability,@transforms
dbo.UpdateTransform,transforms,dbo.BayesianProbability2,@transforms
dbo.UpdateTransform,transforms,dbo.ConditionalProbabilityTable,@transforms
dbo.UpdateTransform,transforms,dbo.CreateUpdateBayesianProbabilities,@transforms
dbo.UpdateTransform,transforms,dbo.CreateUpdateMarkovProcess,@transforms
dbo.UpdateTransform,transforms,dbo.EntryAndExitPoints,@transforms
dbo.UpdateTransform,transforms,dbo.InsertModel,@transforms
dbo.UpdateTransform,transforms,dbo.InsertTransforms,@Transforms
dbo.UpdateTransform,transforms,dbo.MarkovProcess,@transforms
dbo.UpdateTransform,transforms,dbo.MarkovProcess2,@transforms
dbo.UpdateTransform,transforms,dbo.ModelEventKey,@transforms
dbo.UpdateTransform,transforms,dbo.ModelEventsByProperty,@transforms
dbo.UpdateTransform,transforms,dbo.ModelID,@transforms
dbo.UpdateTransform,transforms,dbo.ParseTransforms,@transforms
dbo.UpdateTransform,transforms,dbo.SelectedEvents,@transforms
dbo.UpdateTransform,transforms,dbo.SequenceSegments,@transforms
dbo.UpdateTransform,transforms,dbo.Sequences,@transforms
dbo.UpdateTransform,transforms,dbo.TransformsKey,@Transforms
dbo.UpdateTransform,transforms,dbo.sp_AdjacencyMatrix,@transforms
dbo.UpdateTransform,transforms,dbo.sp_ConditionalProbabilityTable,@transforms
dbo.UpdateTransform,transforms,dbo.sp_SelectedEvents,@transforms
dbo.UpdateTransform,transforms,dbo.sp_SequenceSegments,@transforms
dbo.UpdateTransform,transforms,dbo.sp_Sequences,@transforms
dbo.UserID,UserID,dbo.RefreshUserAccessBitmaps,@UserID
dbo.UserID,UserID,dbo.SetUserAccessBitmap,@UserID
dbo.get_semantic_web_llm_values,IRI,dbo.InsertEvent,@IRI
dbo.get_semantic_web_llm_values,IRI,dbo.InsertSource,@IRI
dbo.get_semantic_web_llm_values,IRI,dbo.InsertSourceColumn,@IRI
dbo.sp_AdjacencyMatrix,EventA,dbo.ModelDrillThrough,@EventA
dbo.sp_AdjacencyMatrix,EventA,dbo.SegmentComparison,@EventA
dbo.sp_AdjacencyMatrix,EventA,dbo.sp_ModelDrillThrough,@EventA
dbo.sp_AdjacencyMatrix,EventB,dbo.ModelDrillThrough,@EventB
dbo.sp_AdjacencyMatrix,EventB,dbo.SegmentComparison,@EventB
dbo.sp_AdjacencyMatrix,EventB,dbo.sp_ModelDrillThrough,@EventB
dbo.sp_CaseCharacteristics,CaseID,dbo.DeleteCase,@CaseID
dbo.sp_CaseCharacteristics,CaseID,dbo.InsertCase,@CaseID
dbo.sp_CaseCharacteristics,CaseID,dbo.InsertCaseProperties,@CaseID
dbo.sp_CaseCharacteristics,CaseID,dbo.UpdateCaseFromEvents,@CaseID
dbo.sp_CaseCharacteristics,EventA,dbo.ModelDrillThrough,@EventA
dbo.sp_CaseCharacteristics,EventA,dbo.SegmentComparison,@EventA
dbo.sp_CaseCharacteristics,EventA,dbo.sp_ModelDrillThrough,@EventA
dbo.sp_CaseCharacteristics,EventB,dbo.ModelDrillThrough,@EventB
dbo.sp_CaseCharacteristics,EventB,dbo.SegmentComparison,@EventB
dbo.sp_CaseCharacteristics,EventB,dbo.sp_ModelDrillThrough,@EventB
dbo.sp_CaseCharacteristics,Metric,dbo.AddEventToCaseProperties,@Metric
dbo.sp_CaseCharacteristics,Metric,dbo.CreateUpdateMarkovProcess,@metric
dbo.sp_CaseCharacteristics,Metric,dbo.DefaultModelParameters,@metric
dbo.sp_CaseCharacteristics,Metric,dbo.EntryAndExitPoints,@metric
dbo.sp_CaseCharacteristics,Metric,dbo.InsertModel,@metric
dbo.sp_CaseCharacteristics,Metric,dbo.MarkovProcess,@metric
dbo.sp_CaseCharacteristics,Metric,dbo.MarkovProcess2,@metric
dbo.sp_CaseCharacteristics,Metric,dbo.ModelEventKey,@Metric
dbo.sp_CaseCharacteristics,Metric,dbo.ModelEventsByProperty,@Metric
dbo.sp_CaseCharacteristics,Metric,dbo.ModelID,@Metric
dbo.sp_CaseCharacteristics,Metric,dbo.SelectedEvents,@metric
dbo.sp_CaseCharacteristics,Metric,dbo.SequenceSegments,@Metric
dbo.sp_CaseCharacteristics,Metric,dbo.Sequences,@Metric
dbo.sp_CaseCharacteristics,Metric,dbo.sp_SelectedEvents,@metric
dbo.sp_CaseCharacteristics,Metric,dbo.sp_SequenceSegments,@Metric
dbo.sp_CaseCharacteristics,Metric,dbo.sp_Sequences,@Metric
dbo.sp_CaseCharacteristics,ModelID,dbo.CalculateBayesianForModels,@ModelID
dbo.sp_CaseCharacteristics,ModelID,dbo.CaseCharacteristics,@ModelID
dbo.sp_CaseCharacteristics,ModelID,dbo.CreateUpdateMarkovProcess,@ModelID
dbo.sp_CaseCharacteristics,ModelID,dbo.DeleteModel,@ModelID
dbo.sp_CaseCharacteristics,ModelID,dbo.DrillThroughToModelEvents,@ModelID
dbo.sp_CaseCharacteristics,ModelID,dbo.GetModelEventString,@ModelID
dbo.sp_CaseCharacteristics,ModelID,dbo.GetModelPropertyString,@ModelID
dbo.sp_CaseCharacteristics,ModelID,dbo.InsertModel,@ModelID
dbo.sp_CaseCharacteristics,ModelID,dbo.MarkovProcess2,@ModelID
dbo.sp_CaseCharacteristics,ModelID,dbo.Markov_Model_Confidence_Support,@ModelID
dbo.sp_CaseCharacteristics,ModelID,dbo.ModelDrillThrough,@ModelID
dbo.sp_CaseCharacteristics,ModelID,dbo.ModelEventAnomalies,@ModelID
dbo.sp_CaseCharacteristics,ModelID,dbo.ModelEventsByOrdinalMean,@ModelID
dbo.sp_CaseCharacteristics,ModelID,dbo.ModelMatrix,@ModelID
dbo.sp_CaseCharacteristics,ModelID,dbo.SeqProb,@ModelID
dbo.sp_CaseCharacteristics,ModelID,dbo.SequenceProbability,@ModelID
dbo.sp_CaseCharacteristics,ModelID,dbo.sp_DrillThroughToModelEvents,@ModelID
dbo.sp_CaseCharacteristics,ModelID,dbo.sp_ModelDrillThrough,@ModelID
dbo.sp_CasePropertyProfiling,DefaultTableName,dbo.InsertSource,@DefaultTableName
dbo.sp_CasePropertyProfiling,PropertyName,dbo.AddEventToCaseProperties,@PropertyName
dbo.sp_CasePropertyProfiling,PropertyName,dbo.utility_LogProcError,@PropertyName
dbo.sp_CasePropertyProfiling,SourceColumnID,dbo.InsertSourceColumn,@SourceColumnID
dbo.sp_CasePropertyProfiling,SourceID,dbo.InsertCase,@SourceID
dbo.sp_CasePropertyProfiling,SourceID,dbo.InsertSource,@SourceID
dbo.sp_CasePropertyProfiling,SourceID,dbo.InsertSourceColumn,@SourceID
dbo.sp_CasePropertyProfiling,TableName,dbo.InsertSourceColumn,@TableName
dbo.sp_CompareEventProximities,CaseID,dbo.DeleteCase,@CaseID
dbo.sp_CompareEventProximities,CaseID,dbo.InsertCase,@CaseID
dbo.sp_CompareEventProximities,CaseID,dbo.InsertCaseProperties,@CaseID
dbo.sp_CompareEventProximities,CaseID,dbo.UpdateCaseFromEvents,@CaseID
dbo.sp_CompareEventProximities,EventID,dbo.EventPropertiesSource,@EventID
dbo.sp_CompareEventProximities,PropertyName,dbo.AddEventToCaseProperties,@PropertyName
dbo.sp_CompareEventProximities,PropertyName,dbo.utility_LogProcError,@PropertyName
dbo.sp_CompareEventProximities,SessionID,dbo.BayesianProbability2,@SessionID
dbo.sp_CompareEventProximities,SessionID,dbo.sp_AdjacencyMatrix,@SessionID
dbo.sp_ConditionalProbabilityTable,CaseID,dbo.DeleteCase,@CaseID
dbo.sp_ConditionalProbabilityTable,CaseID,dbo.InsertCase,@CaseID
dbo.sp_ConditionalProbabilityTable,CaseID,dbo.InsertCaseProperties,@CaseID
dbo.sp_ConditionalProbabilityTable,CaseID,dbo.UpdateCaseFromEvents,@CaseID
dbo.sp_ConditionalProbabilityTable,GroupType,dbo.BayesianProbability,@GroupType
dbo.sp_ConditionalProbabilityTable,GroupType,dbo.BayesianProbability2,@GroupType
dbo.sp_ConditionalProbabilityTable,GroupType,dbo.ConditionalProbabilityTable,@GroupType
dbo.sp_ConditionalProbabilityTable,GroupType,dbo.CreateUpdateBayesianProbabilities,@GroupType
dbo.sp_DrillThroughToModelEvents,CaseID,dbo.DeleteCase,@CaseID
dbo.sp_DrillThroughToModelEvents,CaseID,dbo.InsertCase,@CaseID
dbo.sp_DrillThroughToModelEvents,CaseID,dbo.InsertCaseProperties,@CaseID
dbo.sp_DrillThroughToModelEvents,CaseID,dbo.UpdateCaseFromEvents,@CaseID
dbo.sp_ModelDrillThrough,CaseID,dbo.DeleteCase,@CaseID
dbo.sp_ModelDrillThrough,CaseID,dbo.InsertCase,@CaseID
dbo.sp_ModelDrillThrough,CaseID,dbo.InsertCaseProperties,@CaseID
dbo.sp_ModelDrillThrough,CaseID,dbo.UpdateCaseFromEvents,@CaseID
dbo.sp_ModelDrillThrough,EventA,dbo.ModelDrillThrough,@EventA
dbo.sp_ModelDrillThrough,EventA,dbo.SegmentComparison,@EventA
dbo.sp_ModelDrillThrough,EventB,dbo.ModelDrillThrough,@EventB
dbo.sp_ModelDrillThrough,EventB,dbo.SegmentComparison,@EventB
dbo.sp_ModelDrillThrough,EventID,dbo.EventPropertiesSource,@EventID
dbo.sp_SelectEventsbyProperties,CaseID,dbo.DeleteCase,@CaseID
dbo.sp_SelectEventsbyProperties,CaseID,dbo.InsertCase,@CaseID
dbo.sp_SelectEventsbyProperties,CaseID,dbo.InsertCaseProperties,@CaseID
dbo.sp_SelectEventsbyProperties,CaseID,dbo.UpdateCaseFromEvents,@CaseID
dbo.sp_SelectEventsbyProperties,EventID,dbo.EventPropertiesSource,@EventID
dbo.sp_SelectedEvents,CaseID,dbo.DeleteCase,@CaseID
dbo.sp_SelectedEvents,CaseID,dbo.InsertCase,@CaseID
dbo.sp_SelectedEvents,CaseID,dbo.InsertCaseProperties,@CaseID
dbo.sp_SelectedEvents,CaseID,dbo.UpdateCaseFromEvents,@CaseID
dbo.sp_SelectedEvents,EventID,dbo.EventPropertiesSource,@EventID
dbo.sp_SelectedEvents,Sequence,dbo.SequenceProbability,@Sequence
dbo.sp_SequenceSegments,Seq,dbo.SequenceKey,@Seq
dbo.sp_Sequences,ModelID,dbo.CalculateBayesianForModels,@ModelID
dbo.sp_Sequences,ModelID,dbo.CaseCharacteristics,@ModelID
dbo.sp_Sequences,ModelID,dbo.CreateUpdateMarkovProcess,@ModelID
dbo.sp_Sequences,ModelID,dbo.DeleteModel,@ModelID
dbo.sp_Sequences,ModelID,dbo.DrillThroughToModelEvents,@ModelID
dbo.sp_Sequences,ModelID,dbo.GetModelEventString,@ModelID
dbo.sp_Sequences,ModelID,dbo.GetModelPropertyString,@ModelID
dbo.sp_Sequences,ModelID,dbo.InsertModel,@ModelID
dbo.sp_Sequences,ModelID,dbo.MarkovProcess2,@ModelID
dbo.sp_Sequences,ModelID,dbo.Markov_Model_Confidence_Support,@ModelID
dbo.sp_Sequences,ModelID,dbo.ModelDrillThrough,@ModelID
dbo.sp_Sequences,ModelID,dbo.ModelEventAnomalies,@ModelID
dbo.sp_Sequences,ModelID,dbo.ModelEventsByOrdinalMean,@ModelID
dbo.sp_Sequences,ModelID,dbo.ModelMatrix,@ModelID
dbo.sp_Sequences,ModelID,dbo.SeqProb,@ModelID
dbo.sp_Sequences,ModelID,dbo.SequenceProbability,@ModelID
dbo.sp_Sequences,ModelID,dbo.sp_CaseCharacteristics,@ModelID
dbo.sp_Sequences,ModelID,dbo.sp_DrillThroughToModelEvents,@ModelID
dbo.sp_Sequences,ModelID,dbo.sp_ModelDrillThrough,@ModelID
dbo.sp_Sequences,Seq,dbo.SequenceKey,@Seq
dbo.sp_Sequences,nextEvent,dbo.SequenceKey,@NextEvent
dbo.utility_Bad_Data,CaseID,dbo.DeleteCase,@CaseID
dbo.utility_Bad_Data,CaseID,dbo.InsertCase,@CaseID
dbo.utility_Bad_Data,CaseID,dbo.InsertCaseProperties,@CaseID
dbo.utility_Bad_Data,CaseID,dbo.UpdateCaseFromEvents,@CaseID
dbo.utility_Bad_Data,EventSetCode,dbo.EventSetByCode,@EventSetCode
dbo.utility_Bad_Data,SourceColumnID,dbo.InsertSourceColumn,@SourceColumnID
dbo.utility_Bad_Data,SourceID,dbo.InsertCase,@SourceID
dbo.utility_Bad_Data,SourceID,dbo.InsertSource,@SourceID
dbo.utility_Bad_Data,SourceID,dbo.InsertSourceColumn,@SourceID
